countryFrom,countryTo,value
UK,US,27521
DE,US,23157
CN,US,20820
CA,US,16127
FR,US,15057
DE,UK,12620
IT,US,11847
JP,US,10038
AU,US,10014
NL,US,9022
ES,US,8710
FR,UK,8465
CH,US,8157
DE,FR,8108
DE,IT,7125
IT,UK,7008
NL,UK,6816
AU,UK,6479
CH,DE,6297
DE,NL,5944
CA,UK,5758
FR,IT,5492
SE,US,5455
IN,US,5400
ES,UK,5392
BR,US,5354
CH,UK,5077
DE,ES,4956
ES,IT,3986
IL,US,3956
ES,FR,3927
BE,US,3878
CH,FR,3840
CA,DE,3826
CN,UK,3772
DE,RU,3764
AT,DE,3721
SE,UK,3681
KR,US,3601
DK,US,3588
CA,FR,3421
CN,DE,3391
AU,DE,3235
FR,NL,3153
DE,JP,3153
DE,SE,3128
CH,IT,3114
JP,UK,3075
BE,UK,2874
AT,US,2871
IT,NL,2832
TW,US,2818
RU,US,2741
CA,CN,2662
BE,FR,2659
AU,CA,2637
DK,UK,2580
US,ZA,2528
AU,CN,2528
BE,NL,2515
CN,JP,2476
BE,DE,2455
PL,US,2253
ES,NL,2179
NO,US,2167
AU,FR,2166
DE,PL,2164
PT,US,2151
CN,FR,2129
DE,DK,2102
FI,US,2097
FR,JP,1977
CA,NL,1924
CA,IT,1911
FR,SE,1907
BR,UK,1853
CH,NL,1848
CH,ES,1843
UK,ZA,1804
GR,US,1799
IN,UK,1791
MX,US,1784
PT,UK,1759
ES,PT,1728
DE,IN,1718
AT,UK,1715
CN,IT,1705
AU,NL,1656
NO,UK,1642
IT,RU,1626
CA,CH,1622
BE,IT,1615
DK,SE,1576
BR,DE,1553
IT,SE,1537
NL,SE,1528
FI,UK,1527
CA,ES,1520
IT,JP,1485
SG,US,1476
AU,IT,1464
CL,US,1438
NZ,US,1435
BR,FR,1431
DE,IL,1431
GR,UK,1412
FR,RU,1410
IE,US,1402
IE,UK,1400
AR,US,1380
PL,UK,1351
NO,SE,1335
CA,JP,1312
DK,FR,1306
DE,FI,1293
HU,US,1283
FI,SE,1278
AU,JP,1276
BE,ES,1273
ES,SE,1266
FR,PT,1241
AU,ES,1222
BE,CH,1212
FR,PL,1205
AU,CH,1185
DE,PT,1183
KE,US,1172
DK,NL,1169
DK,IT,1162
AT,IT,1157
RU,UK,1156
AT,FR,1151
CA,SE,1129
DE,GR,1120
CN,ES,1107
DE,NO,1106
BR,IT,1105
TH,US,1099
CN,NL,1094
IL,UK,1086
DE,HU,1079
CZ,US,1077
KE,UK,1052
NZ,UK,1034
AU,SE,1030
AU,NZ,1029
BR,ES,1004
FR,IN,999
CN,HK,998
ES,JP,987
BR,PT,984
BR,CA,977
DK,ES,969
AT,CH,945
CZ,DE,940
TR,US,939
CH,SE,926
IT,PT,924
DK,NO,923
BE,CA,917
IR,US,911
CN,SE,907
JP,KR,899
SA,US,896
IN,MY,894
IT,PL,893
JP,NL,884
CA,IN,866
CN,TW,861
GR,IT,852
AT,NL,849
HK,US,847
CH,JP,837
AT,ES,821
FR,IL,818
CL,DE,793
FI,FR,789
DE,IE,786
CZ,UK,784
FI,IT,782
CH,CN,778
CA,DK,763
FR,GR,762
AU,IN,761
UG,US,752
AU,DK,750
EG,US,749
BE,SE,747
AU,BE,736
IL,IT,733
HU,UK,732
NL,NO,731
FR,NO,727
TH,UK,725
EG,SA,720
MY,SA,718
ES,PL,718
SG,UK,715
CH,DK,712
AU,BR,706
CN,SG,702
DE,ZA,700
IN,IT,696
BR,CN,694
CN,KR,692
DE,KR,689
FI,NL,684
CL,FR,679
CZ,FR,677
CN,IN,675
CL,UK,656
NL,PT,649
JP,RU,643
IN,JP,640
AT,CA,638
JP,TW,615
AT,SE,610
KR,UK,606
JP,SE,601
ES,GR,591
CH,RU,582
BR,NL,582
AU,ZA,581
ES,FI,575
TW,UK,573
CN,DK,573
PE,US,571
IT,NO,568
UG,UK,565
DK,FI,564
ES,RU,560
AR,ES,559
FR,ZA,559
CA,ZA,559
NL,PL,556
ES,NO,551
MY,US,550
DE,UA,547
CL,ES,545
BR,CH,544
CA,NO,541
PK,US,536
NL,ZA,533
CO,US,533
ES,MX,531
TZ,UK,530
CH,PL,527
BE,DK,527
AT,BE,519
FR,IE,519
AT,AU,518
PL,RU,514
PL,SE,513
TZ,US,511
FR,HU,504
CA,IL,504
AR,BR,502
CH,PT,499
CA,FI,494
CA,RU,491
GR,NL,485
CH,IN,483
FI,NO,479
AU,FI,478
BR,JP,474
AU,NO,473
NL,RU,473
CZ,IT,472
SI,US,467
RU,SE,466
DE,MX,466
AR,FR,465
AR,UK,461
IR,MY,459
CH,FI,458
SA,UK,458
DE,NZ,456
AU,SG,451
AT,CN,450
MX,UK,449
BE,CN,449
IE,IT,447
HU,IT,443
BE,JP,442
CH,ZA,440
CH,IL,437
AR,DE,432
BE,PL,430
BE,PT,428
ES,IL,427
CL,IT,426
BD,US,425
CA,KR,425
CA,PL,425
ES,IN,419
MY,UK,418
NG,US,416
DE,RO,415
IR,UK,414
AU,TH,413
CH,GR,409
IN,NL,405
DE,TW,403
BE,BR,397
IE,NL,395
CN,MY,393
IN,SA,390
CA,NZ,384
IN,SE,383
AT,DK,382
ES,HU,381
IL,NL,381
FI,RU,381
ES,IE,380
DE,TR,378
TR,UK,376
UA,US,375
DK,JP,374
CZ,ES,372
CA,PT,365
FR,TN,362
DE,SG,361
MY,TH,360
FR,RO,359
AT,JP,357
CH,NO,356
DK,PL,354
CA,IE,352
JP,TH,349
AU,MY,349
RO,US,348
PT,SE,346
CN,RU,343
PK,UK,341
DE,SI,339
FR,MA,338
BR,SE,337
HR,US,337
GH,UK,334
HU,NL,334
GH,US,332
BE,RU,332
IT,SI,332
BR,RU,332
FR,MX,331
IN,ZA,331
IT,ZA,331
MW,UK,331
US,ZM,330
BE,NO,328
GR,SE,327
US,VN,326
FR,NZ,325
DE,HR,325
BR,IN,324
IT,TR,322
FI,JP,321
SE,ZA,319
CA,TW,318
CN,FI,318
BE,ZA,317
RU,UA,317
FR,KR,316
AR,IT,315
BR,MX,314
JP,PL,313
CA,MX,312
AT,PL,312
CN,PT,311
DK,PT,310
CA,SA,308
BE,GR,308
MW,US,307
IT,MX,307
CA,IR,306
CH,CZ,306
IT,RO,306
DE,IR,305
AU,PT,304
IL,RU,304
EG,UK,303
BR,CL,303
FR,TR,303
CH,HU,300
CZ,PL,300
AU,IE,300
FR,TW,298
CZ,NL,298
DZ,FR,298
CN,IL,297
ES,ZA,296
AU,IL,294
AU,RU,293
ET,US,292
CN,TH,292
CA,CL,290
CN,SA,289
PT,RU,286
AU,PL,286
BE,CZ,286
SI,UK,282
JP,PT,281
CZ,SE,281
UK,VN,281
AU,CL,281
AT,HU,276
IT,KR,276
HK,UK,275
AT,PT,274
JP,SG,272
EE,US,271
AT,RU,270
KE,ZA,269
AT,FI,268
FR,SG,267
AR,CA,267
IT,TW,266
ID,US,266
HU,SE,265
FR,TH,264
DE,SA,264
BE,FI,263
CA,GR,263
DE,EG,262
AT,NO,262
AR,CL,261
PL,PT,261
FI,PL,261
IN,KR,260
AT,CZ,258
CN,NO,257
IS,US,257
QA,US,256
NG,UK,256
BG,DE,255
HR,UK,255
IL,JP,254
AU,TW,254
AU,KR,252
CN,MX,250
FR,SN,250
NL,NZ,249
NO,RU,248
BE,HU,246
BR,CO,245
BE,IN,245
CN,GR,245
IR,IT,244
GM,UK,240
CO,ES,239
CM,FR,239
CN,ZA,238
IE,SE,237
AU,IR,237
IT,NZ,237
DK,GR,235
PK,SA,235
DE,PK,235
FR,UA,234
DK,RU,234
LB,US,234
CA,PK,232
CH,IE,228
CA,CZ,227
GR,PL,226
NO,PL,226
ES,TR,225
ET,UK,224
CA,SG,223
CZ,RU,223
AT,BR,223
CN,NZ,221
EE,UK,221
CA,HU,219
IT,UA,218
ES,KR,218
BR,DK,217
IL,SE,215
HU,JP,215
PL,UA,212
BE,IE,212
CM,US,211
IR,SE,211
CZ,SK,210
PH,US,210
BE,IL,210
JP,NO,209
PE,UK,209
AT,IL,208
US,VE,207
CL,NL,206
DE,EE,206
DE,SK,206
CN,HU,206
AT,GR,206
MY,PK,205
SK,US,203
FR,SI,203
AU,SA,203
BR,ZA,203
BE,CL,202
SE,UG,202
JP,MY,200
CH,TZ,200
RO,UK,199
FR,IR,199
IS,SE,199
AU,GR,199
NO,PT,199
CH,KE,198
ES,NZ,197
IN,TW,196
DE,LU,196
BD,UK,196
KE,UG,196
CZ,PT,194
UG,ZA,194
CN,PL,193
BG,US,191
BG,IT,190
CH,KR,190
CA,KE,189
DE,TH,189
CO,UK,189
AR,CH,188
IN,PL,187
CN,IE,187
NL,TR,186
KE,NL,185
AM,DE,185
EE,SE,185
IN,SG,184
JP,VN,184
LU,US,184
IN,RU,184
CZ,DK,183
CN,PK,183
MX,NL,182
EE,FI,182
FR,SA,182
UK,ZW,181
GR,PT,181
CZ,JP,181
UA,UK,180
AU,MX,178
ID,UK,178
FI,PT,178
CR,US,178
DK,IN,177
AU,ID,177
IN,PT,176
NZ,SE,175
ES,TW,174
IL,IN,173
AU,HK,172
KR,TW,172
GR,JP,172
IS,UK,172
HU,PL,172
NL,SG,171
IN,LK,170
AR,AU,169
ID,NL,168
AR,MX,168
FR,LB,168
DE,HK,168
HR,IT,167
GR,NO,167
KE,TZ,167
CH,NZ,167
DK,IE,167
ML,US,165
BE,NZ,165
ES,SI,165
CH,SG,164
IR,NL,164
AU,VN,164
EG,JP,164
BF,FR,164
FI,HU,163
AU,KE,163
DK,IL,163
AU,CZ,162
JP,ZA,162
GE,US,161
ID,JP,161
CO,DE,160
DE,RS,160
FI,GR,159
DK,HU,159
BR,IL,158
CA,HK,158
CL,PL,158
IN,TH,158
JP,NZ,158
BR,NO,158
NL,SI,157
IN,MX,157
ES,RO,157
CH,CL,157
DK,ZA,156
CH,MX,156
EC,US,155
EE,IT,155
ES,UA,154
BG,FR,154
RW,US,154
NG,ZA,153
NL,TH,153
LK,UK,153
RS,US,152
US,ZW,151
HK,JP,151
CA,UG,150
NP,US,150
SE,TZ,150
AU,HU,150
CA,EG,150
AE,US,149
IE,PT,149
CZ,HU,148
SN,US,148
IL,PL,148
BF,UK,148
QA,UK,148
CY,GR,147
KR,NL,146
AT,SI,146
FR,LU,146
FI,IN,144
PR,US,143
IT,SA,142
CH,TR,142
CA,TH,141
AT,IN,141
IL,PT,141
AR,NL,140
IT,SG,140
DE,GH,140
KR,SE,139
UK,ZM,139
EG,IT,139
NO,TZ,139
BG,UK,139
CL,JP,138
AT,IE,138
BD,JP,138
CO,FR,138
IR,TR,137
DK,IS,137
AM,RU,137
NL,TZ,137
IE,JP,136
IN,NP,136
BF,US,134
GH,ZA,134
NO,ZA,134
HU,PT,134
NP,UK,134
PK,TR,134
FR,KE,134
SE,SG,133
AM,IT,133
ES,SG,133
AR,CN,132
FR,MY,132
CM,UK,131
PL,RO,130
IN,PK,130
BE,KE,130
SK,UK,130
CN,TR,129
AR,BE,129
MZ,US,129
AM,US,128
BJ,FR,128
BR,PL,128
US,UY,128
CZ,FI,128
IT,RS,128
DE,TZ,127
CL,CN,127
FR,HR,127
FR,VN,127
CA,TR,127
DE,LT,126
EE,FR,126
HU,RO,126
EE,ES,125
AU,BD,125
BR,TW,125
RS,UK,125
DE,IS,125
JP,MX,125
BD,IN,124
SE,UA,124
DK,TZ,123
IT,TH,123
LU,UK,123
DE,MY,122
IN,TR,122
TZ,ZA,122
CH,SI,121
DE,GE,121
BR,FI,120
AU,PG,120
ES,SA,119
DK,NZ,119
GR,HU,119
EG,FR,119
CH,IR,118
CH,TH,118
DE,KE,117
CA,CO,117
CY,DE,117
GR,IL,117
CN,CZ,117
CN,EG,116
FI,IE,116
IE,PL,116
NL,RO,116
KE,SE,116
BE,RO,116
CZ,NO,116
IN,NO,116
MW,ZA,116
BD,MY,116
BR,KR,115
GR,RU,115
SE,VN,115
CL,SE,114
CH,UG,114
KR,RU,114
CL,RU,114
CY,UK,113
CA,UA,113
BR,PE,113
CH,TW,113
AT,RO,112
AU,LK,112
TZ,UG,112
CH,GH,112
CM,ZA,111
KR,SG,111
CO,MX,111
CL,MX,111
FR,HK,110
MY,SG,110
NZ,ZA,110
AR,JP,110
AU,PH,110
CZ,GR,110
LT,UK,110
AR,PT,109
CN,IR,109
JP,TR,108
BE,SI,108
IT,SK,108
HU,NO,108
GE,RU,107
AR,CO,107
BE,LU,107
NL,TW,107
EG,MY,107
LK,US,107
BE,MX,106
DE,ID,106
AT,UA,106
SE,TH,106
CU,US,106
NL,VN,106
BG,ES,106
ID,MY,105
BG,RU,105
CL,DK,105
BR,SG,105
CN,SI,105
GM,US,105
PA,US,104
AT,SK,104
TH,VN,103
LT,US,103
JP,PH,103
MX,RU,103
IE,IN,102
NL,SA,102
CY,US,102
CH,RO,101
IN,IR,101
ES,IR,101
SG,TW,100
MX,PT,100
FI,IL,100
PL,SI,100
BE,TR,100
SE,TR,100
ES,HR,100
CH,HR,99
HU,SI,99
NL,UG,99
SE,SI,98
HK,TW,98
DE,VN,98
DE,ET,98
BR,IE,98
FR,MG,97
GR,TR,97
HU,RU,97
BE,BG,97
ZA,ZW,97
AR,IN,97
RU,TR,96
RO,SE,96
CH,UA,96
BW,US,95
BR,MY,95
CA,PE,95
CA,MY,95
BG,PL,95
DE,GA,95
BE,UG,95
AT,HR,94
IL,NO,94
GH,KE,94
ID,TH,94
BR,GR,94
BR,CZ,94
MA,MY,94
IE,NO,94
IR,PK,93
CL,PT,93
MX,ZA,93
CY,IT,93
CH,PK,92
FR,RS,92
RO,RU,92
NO,UG,92
LT,SE,92
BR,NZ,92
PL,TR,91
UK,VE,91
GT,US,91
PH,UK,91
AT,TR,91
IS,NO,91
HK,IT,90
BD,SE,90
LU,NL,90
RU,SK,90
GE,IT,89
TH,ZA,89
KR,PL,89
TN,US,89
GR,IN,89
NL,UA,89
BG,GR,89
SD,UK,89
ZA,ZM,88
FR,SK,88
PT,ZA,88
CO,IT,88
CU,ES,88
IE,RU,88
BE,ET,88
GH,NL,88
IS,NL,87
BR,TR,87
AU,CO,87
IT,PK,87
PT,RO,87
KR,TH,87
MX,SE,87
PL,ZA,86
AU,TZ,86
BR,HU,86
EE,NL,86
AR,ZA,86
ES,VE,86
KH,US,86
ES,RS,85
RU,TW,85
HU,IL,85
FR,GA,85
JO,US,85
SN,UK,85
ML,UK,84
CZ,IN,84
BR,UY,84
CL,ZA,83
AT,ZA,83
HR,NL,83
GH,SE,83
ET,NO,83
BY,DE,82
MY,NL,82
ES,MZ,82
CM,DE,82
ES,UY,82
BE,TH,82
IT,QA,82
AE,UK,82
DK,TR,82
LB,UK,82
RU,ZA,81
CL,CO,81
CN,PH,81
BE,KR,81
ES,PE,81
DK,KR,81
GR,IE,80
BR,VE,80
RO,TR,80
EG,NL,79
PT,TR,79
CZ,IL,79
IN,KE,79
AU,TR,79
PG,US,79
EG,QA,79
NL,SK,78
CH,EE,78
BR,CU,78
PT,SI,78
IR,JP,78
HR,SI,78
IL,TR,78
DE,MA,77
FR,PK,77
BE,CG,77
IQ,MY,77
FI,NZ,77
PL,TW,77
ES,MA,77
BE,SG,76
CU,UK,76
HU,IN,76
FR,IS,76
BY,RU,76
DE,QA,76
IT,LU,76
FI,IS,76
AR,UY,75
DK,SA,75
SG,TH,75
CL,IN,75
NL,PK,75
DK,EE,75
CH,EG,75
CN,VN,75
AT,NZ,75
AU,GH,75
EC,UK,75
IN,NZ,74
DK,SG,74
NO,NZ,74
IR,SA,74
MG,US,74
SD,US,73
IL,SI,73
BR,TH,73
JP,UA,73
AM,FR,73
CI,FR,73
KH,UK,73
HK,NL,73
AU,PK,73
HU,IE,73
FI,UA,73
DE,PE,72
SE,TW,72
BJ,US,72
BG,CH,72
BO,US,72
MX,VE,72
FR,LT,72
CH,ET,72
AR,DK,72
AT,KR,72
EG,IN,72
CA,RO,72
FI,TR,71
MA,US,71
FR,UG,71
CZ,RO,71
ET,SE,71
IT,TN,71
FR,VE,71
CH,CI,71
CH,VN,71
EG,ES,71
ES,HK,70
ES,TH,70
LT,PL,70
JP,SA,70
PL,SK,70
ES,LT,70
BY,US,70
DE,LV,70
MX,PE,70
KH,TH,69
IT,MY,69
AR,SE,69
IT,LT,69
SA,SD,69
FR,KH,69
NO,SI,69
CZ,SI,69
BG,NL,68
IE,NZ,68
CA,SI,68
KW,US,68
BE,EE,68
FR,UY,68
BF,CH,67
CH,SA,67
BF,DE,67
AU,NG,67
TH,TW,67
JP,PK,67
AM,CH,66
DE,LB,66
EE,NO,66
FI,ZA,66
CH,SK,66
CA,LB,66
IS,IT,66
FR,ID,66
EE,PL,65
ES,IS,65
AT,TW,64
GR,ZA,64
GH,TZ,64
CN,PE,64
BE,UA,64
BD,PK,63
DE,UG,63
BE,TW,63
BE,CO,63
CG,US,63
BJ,UK,63
FR,PE,63
CA,EE,63
CA,TZ,63
FR,ML,62
AU,HR,62
CH,PE,62
MY,TW,62
MX,PL,62
GR,RO,62
PH,TH,62
NL,RS,62
FI,TW,61
IN,PH,61
CN,NG,61
IE,ZA,61
PL,RS,61
SA,TN,61
CU,IT,61
FI,LT,61
CI,US,61
PL,SG,61
HT,US,61
AT,SG,60
CN,RO,60
PK,SE,60
BE,BF,60
CN,ID,60
CH,NG,60
JP,KE,60
BD,TH,60
MY,NZ,60
DE,NG,60
IT,MA,60
FI,KR,60
CH,MY,60
HK,KR,60
CO,CZ,60
AU,SI,60
AT,MX,59
AE,DE,59
IL,TW,59
DE,VE,59
AU,UG,59
MT,UK,59
HR,SE,59
AT,RS,59
CL,IL,59
IL,SG,59
AU,PE,59
CU,MX,59
CH,PH,59
EE,RU,58
BE,PE,58
SA,SE,58
CH,CO,58
GR,SI,58
IT,KE,58
ES,SK,58
HU,TW,58
CA,CM,57
CN,CO,57
GE,UK,57
IQ,UK,57
LU,NO,57
HU,TR,57
IT,LB,57
MZ,UK,57
LU,SE,57
UK,UY,57
JM,US,57
KR,VN,57
IT,PE,57
CN,CU,57
HU,KR,57
CO,NL,57
DK,KE,56
HK,SE,56
DK,RO,56
CH,LU,56
BE,VN,56
ES,MY,56
GH,NG,56
DK,SI,56
BD,CA,56
IN,RO,56
CI,UK,56
IL,UA,56
IT,VE,56
IN,NG,55
DE,PH,55
ID,VN,55
AT,IR,55
AU,EE,55
BE,GM,55
DK,TH,55
AR,PL,55
MY,SE,55
ET,ZA,55
AM,BR,55
KE,MW,55
CZ,IE,55
CO,IN,55
IL,KR,55
CY,ES,54
CZ,TR,54
BE,RS,54
AT,BG,54
GA,US,54
CA,HR,54
NO,ZM,54
BR,EC,54
HR,PL,54
LV,US,53
MA,SA,53
IT,VN,53
IL,ZA,53
CA,VN,53
BD,NL,53
KE,TH,53
AR,PE,53
BD,DE,53
DK,TW,53
CR,ES,53
BG,CZ,52
CY,FR,52
NA,US,52
RS,SI,52
NZ,PK,52
IL,MX,52
GR,MX,52
CN,RS,52
BE,TZ,52
HU,SK,52
CH,ZM,51
BE,HR,51
MW,ZM,51
JP,SI,51
FR,GH,51
IE,IL,51
CH,PG,51
BE,IR,51
AU,EG,51
NZ,SG,51
ID,IN,51
BF,SN,51
CA,IS,51
DE,UZ,51
AT,CL,51
FI,SI,51
BF,CA,50
BE,LT,50
LT,NL,50
IR,PT,50
CH,CM,50
HK,IN,50
KR,NO,50
CH,ID,50
FR,PH,50
AT,EE,50
LV,UK,50
AR,VE,50
JP,RO,50
BR,UA,50
ET,NL,49
ES,LU,49
SA,TR,49
BE,SA,49
FR,QA,49
DK,MX,49
BR,SA,49
EE,HU,49
AU,RO,49
KR,MY,49
AU,QA,49
SY,US,49
PK,ZA,48
OM,US,48
MX,TW,48
BR,RO,48
AT,EG,48
FI,MX,48
DK,HR,48
NG,NL,48
AU,MW,48
BE,CM,48
AT,TH,48
CZ,IR,48
KR,MX,48
DK,GH,47
HR,RU,47
AM,ES,47
DK,UG,47
BD,CH,47
NG,SE,47
KZ,US,47
CU,DE,47
CH,IS,47
CA,MW,47
AR,IL,47
KW,UK,47
CN,UA,47
BY,UK,47
NL,PE,46
GR,RS,46
CL,GR,46
HK,SG,46
NO,RO,46
BR,EG,46
KR,UA,46
NG,UG,46
NE,US,46
TN,UK,46
AU,UA,46
MY,NG,46
GR,SA,46
IL,NZ,46
BR,PK,46
CL,FI,46
IR,RU,46
BF,KE,46
ES,PG,46
PT,UA,46
CL,PE,46
CA,QA,46
DK,LT,46
CO,JP,46
CH,GE,46
EE,JP,45
ET,IN,45
AE,CN,45
MZ,PT,45
CZ,NZ,45
FI,SA,45
GE,PL,45
FR,TZ,45
AE,CA,45
KE,ZM,45
BR,KE,45
AR,RU,45
ES,KE,45
ES,TN,45
CH,MW,45
NZ,PT,45
SE,SK,45
CN,HR,45
IN,UA,45
PT,RS,45
AT,PK,45
CR,FR,44
BY,PL,44
CZ,KR,44
NG,TH,44
DK,GL,44
KR,PH,44
CM,IT,44
AM,PL,44
RS,RU,44
CN,KE,44
IL,RO,44
FI,HR,44
CH,HK,44
FR,MW,44
CZ,HR,44
BG,JP,44
AM,UK,44
NI,US,44
JP,SK,44
FI,IR,44
BD,KR,44
CZ,UA,43
AT,LT,43
CR,UK,43
MW,NL,43
BR,IR,43
BF,IT,43
BR,CR,43
CA,GH,43
DK,GW,43
SA,TH,43
GR,SK,43
HK,IL,43
KR,PK,43
UG,ZM,43
CH,SN,43
EG,PK,43
GR,KR,43
GR,HR,42
PG,UK,42
PT,SA,42
BE,GH,42
MX,NO,42
MY,TR,42
MY,YE,42
IQ,US,42
CG,CH,42
IT,UG,42
MN,US,42
DE,PA,42
IN,OM,42
KE,NG,42
CH,ML,42
CZ,MX,42
IR,KR,42
BD,NP,42
AT,LU,42
IN,PE,42
LV,SE,42
NO,TR,42
AM,NL,41
SA,ZA,41
EE,LT,41
GA,NL,41
DK,UA,41
AE,SA,41
IN,VN,41
EG,KW,41
BA,HR,41
HR,HU,41
IE,TR,41
CH,RS,41
BE,SK,41
ES,TZ,41
CH,LB,41
KR,PT,41
RS,SE,41
NL,SD,41
DE,EC,40
AU,NP,40
CU,FR,40
MX,NZ,40
AZ,TR,40
RW,UK,40
CZ,LT,40
PT,TW,40
MZ,ZA,40
IS,JP,40
BG,PT,40
EE,IE,40
FR,NG,40
DK,SK,40
AR,NZ,40
GR,TW,40
PE,ZA,40
CO,SE,40
CO,VE,40
HR,RS,40
NZ,RU,40
CN,QA,40
MY,PH,40
NL,PH,40
KR,TR,39
EC,ES,39
GA,UK,39
FI,RO,39
CR,DE,39
BG,CA,39
BG,IL,39
CZ,EE,39
BE,KH,39
CH,NP,39
FI,SG,39
ES,ET,39
BF,GH,38
EE,PT,38
GR,IR,38
FR,NE,38
AR,FI,38
BY,IT,38
TR,TW,38
PT,SG,38
CG,FR,38
GM,KE,38
CO,PE,38
RO,RS,38
IE,KR,38
PT,TH,38
GR,NZ,38
JO,UK,38
BE,CU,38
HR,NO,37
BE,SN,37
CL,NO,37
AU,KH,37
BG,HU,37
LT,LV,37
LT,NO,37
IE,RO,37
AR,TW,37
HR,IN,37
FR,GE,37
EG,SE,37
KE,RW,37
BR,SI,37
KR,NZ,37
ET,KE,37
AU,ET,37
BG,SE,37
IR,ZA,37
ID,SG,37
BR,HK,36
ES,LB,36
NZ,PL,36
FI,TH,36
CZ,ZA,36
EG,KR,36
AU,FJ,36
HU,MX,36
IT,LV,36
PT,TN,36
FI,RS,36
KR,ZA,36
JO,SA,36
LV,PL,36
BF,ML,35
AE,FR,35
FI,SK,35
LT,PT,35
PA,UK,35
BG,IN,35
AU,LU,35
ID,PH,35
GH,UG,35
MA,UK,35
AT,SA,35
DK,RS,35
FR,ZW,35
IT,NG,35
BE,IS,35
CM,SN,35
CH,LT,35
CA,VE,35
CA,LU,35
BE,NP,35
AF,US,35
EE,LV,35
MY,SD,35
BG,BR,35
KZ,RU,35
EG,TR,35
LT,RU,35
AR,CZ,34
CA,SK,34
FR,GM,34
JP,NP,34
SG,ZA,34
US,UZ,34
AE,NL,34
GH,IN,34
RO,SI,34
PT,SK,34
BA,RS,34
UG,ZW,34
DE,UY,34
IT,UZ,34
BW,ZA,34
BE,MY,34
AE,EG,34
SG,VN,34
DK,LU,34
BO,BR,34
MX,MY,34
BG,RO,34
VN,ZA,34
CA,CU,34
ET,IT,33
AU,IS,33
CL,KR,33
GR,SG,33
NZ,TH,33
DK,VN,33
NO,SK,33
TH,UG,33
BF,CI,33
RO,SK,33
HR,IE,33
MX,UY,33
NA,ZA,33
AM,JP,33
CH,CY,33
FR,LV,33
TR,ZA,33
EG,IR,33
AR,KR,33
AR,HU,33
BE,CY,33
CN,GH,33
CM,KE,33
EG,GR,33
ID,SE,33
BG,TR,33
PH,TW,33
MY,PT,33
BE,EC,33
TH,TZ,33
MY,VN,33
AR,AT,33
BG,FI,33
CZ,RS,33
DO,US,32
BR,PA,32
EE,GR,32
SA,TW,32
BD,ZA,32
DE,JO,32
MG,UK,32
RU,SI,32
HU,ZA,32
ID,KE,32
CN,LU,32
CO,EC,32
HU,UA,32
OM,UK,32
HU,LT,32
EC,PE,32
NO,TW,32
HR,ZA,32
LA,UK,32
DE,SY,32
BG,DK,32
MX,TR,32
AR,CU,32
AE,AU,32
IN,TZ,32
BE,PK,32
GH,MW,32
IT,TZ,31
CL,VE,31
QA,SA,31
RU,TH,31
NP,SE,31
BE,LB,31
ES,UG,31
BD,IT,31
EE,SI,31
KE,SD,31
CZ,TW,31
ML,SN,31
HN,US,31
TR,UA,31
ET,FR,31
BR,HR,31
CA,ID,31
IN,LY,31
AU,SN,31
BR,NG,31
IR,PL,31
BE,ZM,31
MM,TH,31
NZ,TW,31
CH,ZW,31
MY,ZA,31
MW,UG,31
CG,UK,31
GM,NL,31
IN,SI,30
PR,UK,30
BD,CN,30
KE,ML,30
DZ,US,30
BF,CM,30
AT,IS,30
CF,FR,30
BD,VN,30
DK,IR,30
AO,PT,30
AR,TR,30
MX,PK,30
MW,TZ,30
ES,LV,30
DK,ET,30
HU,RS,30
FI,HK,30
CU,NL,30
NO,SG,30
EG,PT,30
BE,HK,30
IR,NZ,30
NO,UA,30
RW,UG,30
BG,IE,30
IN,UG,30
HR,TR,30
PL,TH,30
DK,PK,30
JP,TZ,30
IE,UA,30
KW,SA,30
AE,IT,30
HK,TH,29
AU,CM,29
NL,QA,29
CH,MZ,29
BE,BJ,29
LB,SA,29
RW,ZA,29
CL,TW,29
KE,MZ,29
SI,SK,29
CA,MA,29
AF,UK,29
KH,VN,29
NL,RW,29
NL,NP,29
AU,MZ,29
BE,EG,29
GH,JP,29
DK,MY,29
RS,TH,29
CH,LK,29
KE,NO,29
BH,SA,29
CL,NZ,29
KE,PK,28
AT,KE,28
DK,HK,28
CL,CZ,28
CO,PT,28
SI,TR,28
CA,RS,28
HR,PT,28
SL,US,28
CA,SN,28
LA,TH,28
PK,TH,28
NO,ZW,28
IL,RS,28
LY,UK,28
CL,UY,28
IE,MX,28
JP,LK,28
NL,VE,28
CA,ET,28
JP,MN,28
MX,UA,28
CH,CU,28
BW,UK,28
BF,ZA,28
PH,SG,28
EE,IN,28
AU,RS,28
MX,RO,28
RU,SG,28
LB,NL,28
IT,PH,28
JP,KH,28
ID,KR,28
IS,TW,28
NO,SA,28
AM,IR,27
LV,RU,27
MZ,TZ,27
KE,SN,27
KE,NZ,27
MX,TH,27
LU,PL,27
BE,MZ,27
IL,LU,27
SA,YE,27
CA,PH,27
AT,CO,27
RU,UZ,27
NP,TH,27
DZ,ES,27
EG,PL,27
NG,TZ,27
IE,TW,27
DK,LV,27
AR,GR,27
GR,LT,27
BR,UG,27
MM,US,27
GR,TH,27
LA,US,27
CA,NG,27
FI,LU,27
SN,ZA,27
DE,NP,27
TZ,ZM,27
IE,SI,27
EC,FR,27
BR,TZ,27
MA,PT,27
KE,VN,27
CY,PT,26
CM,NG,26
DE,MW,26
JP,RS,26
JP,MM,26
AU,LT,26
FI,LV,26
BO,FR,26
JM,UK,26
JP,PE,26
GM,ZA,26
HU,NZ,26
IE,MY,26
CL,IE,26
TT,UK,26
BF,SE,26
TT,US,26
KE,ZW,26
KR,SA,26
EC,MX,26
ES,NG,26
TZ,ZW,26
PE,TH,26
CO,NZ,26
CN,EE,26
LV,NL,26
BO,PE,26
IN,QA,26
PE,VE,26
IR,MX,26
AU,SB,26
IN,VE,26
ES,GE,26
CH,TN,26
CA,EC,26
CL,HU,26
SZ,US,25
NO,RS,25
AR,NO,25
AM,CA,25
HR,JP,25
BD,ID,25
AU,BG,25
AM,KR,25
DZ,UK,25
BR,MZ,25
PE,SE,25
CA,TN,25
NO,PK,25
CH,KH,25
RS,TR,25
FI,GE,25
EG,FI,25
CA,UY,25
IN,LU,25
IE,SA,25
MZ,SE,25
RU,SA,25
BF,BJ,25
IE,RS,25
ES,VN,25
PK,PL,25
MX,SA,25
PK,PT,25
CO,CR,25
DE,TN,24
BW,CA,24
DZ,IT,24
CY,PL,24
BJ,CH,24
CI,DE,24
CU,PE,24
CN,GE,24
BD,KE,24
IE,SG,24
ES,PK,24
AR,KE,24
BE,DZ,24
OM,SA,24
CY,HU,24
CL,CU,24
BE,RW,24
BE,NG,24
KZ,PK,24
CA,NP,24
CA,RW,24
CG,KE,24
CA,KW,24
EG,RU,24
EG,LB,24
PH,VN,24
PK,RU,24
ID,ZA,24
BF,NL,24
BR,RS,24
FR,MC,24
GR,LU,24
GH,VN,24
AZ,US,24
BJ,NL,24
MK,US,24
DE,SN,24
ME,RS,23
CR,MX,23
BD,FR,23
AU,GM,23
NG,SA,23
CH,VE,23
CY,NL,23
LU,PT,23
BG,CN,23
DE,MG,23
DK,LK,23
BR,GH,23
IT,MT,23
CO,IL,23
CU,VE,23
ZM,ZW,23
TW,ZA,23
HR,SK,23
CO,DK,23
IR,SI,23
CH,QA,23
BG,LT,23
IN,ZM,23
DO,UK,23
CN,MN,23
CA,ZM,23
IL,MY,23
CY,SE,23
IE,UG,23
CO,ZA,23
JP,LB,23
CR,JP,23
FI,MY,23
BR,ID,23
GH,SN,23
CO,FI,23
IE,SK,23
CO,KR,23
ET,UG,23
AR,SA,23
AR,TH,22
AR,EC,22
HU,SA,22
AR,BO,22
MX,NG,22
DE,SD,22
ID,IT,22
NZ,TR,22
ES,PR,22
DE,MK,22
DK,PE,22
DE,KW,22
EE,IL,22
NP,VN,22
BE,ID,22
AR,IE,22
AL,IT,22
IS,PL,22
EG,TH,22
CY,UA,22
UA,ZA,22
GR,UA,22
JP,UG,22
IS,RO,22
HK,MY,22
SE,UY,22
DE,LK,22
BF,TZ,22
NI,SE,22
AM,CN,22
ES,ID,22
BR,PH,22
JP,ZM,22
AT,MY,22
SD,SE,22
GR,IS,22
BR,VN,22
AU,ZW,22
EE,HR,22
CA,ZW,22
NG,RS,22
CH,LV,21
LY,MY,21
AU,GE,21
MW,SE,21
CG,UG,21
BE,GE,21
CG,ZA,21
AT,TN,21
HR,RO,21
BG,SI,21
CM,IN,21
IT,UY,21
US,YE,21
SA,SG,21
JP,NG,21
GH,IT,21
HK,NO,21
BO,UK,21
CO,CU,21
AZ,RU,21
BY,FR,21
MX,SI,21
CA,PA,21
FR,TG,21
AU,CR,21
EG,HU,21
CU,PT,21
AE,JP,21
BE,MW,21
IE,LT,21
IN,RS,21
EG,MX,21
IN,SK,21
BG,RS,21
DK,EG,21
BD,BE,21
CH,SD,21
BY,UA,21
CO,TH,21
ET,IL,21
BR,EE,20
AT,CY,20
GM,NG,20
CH,MA,20
CZ,TH,20
TW,VN,20
BO,EC,20
CN,KH,20
GR,PK,20
CH,GM,20
AM,TW,20
KR,UZ,20
DE,MD,20
NE,UK,20
GA,ZA,20
CU,IN,20
AE,OM,20
MW,NO,20
AR,SI,20
FR,SY,20
BJ,CA,20
CR,IT,20
BG,NO,20
AU,LB,20
GR,LV,20
RO,UA,20
IR,NO,20
IN,KW,20
NA,UK,20
CA,GE,20
CO,PA,20
AE,IN,20
IS,SG,20
BH,US,20
BJ,CM,20
LT,SI,20
LV,PT,20
HU,SG,20
DE,NA,20
CZ,PK,20
RU,VN,20
AR,SG,20
LU,SI,20
AR,CR,20
BO,ES,20
DE,OM,20
DO,PE,20
BE,MA,20
ML,SE,20
CA,CR,20
AM,TR,20
BE,GA,20
IR,TW,19
CZ,SG,19
ID,TW,19
GH,TH,19
AO,US,19
CM,GH,19
GH,ML,19
GW,UK,19
BA,SI,19
ET,GH,19
FI,UG,19
BD,GH,19
CO,PL,19
GH,GM,19
CM,SE,19
CU,JP,19
GQ,US,19
AT,HK,19
BG,SK,19
GR,MY,19
HR,MX,19
FR,GN,19
KR,RO,19
GD,US,19
BA,DE,19
IR,RS,19
GE,IN,19
BG,HR,19
EE,RS,19
JP,VE,19
EG,KE,19
CY,CZ,19
DK,ZM,19
KR,SI,19
EE,NZ,19
BF,GM,19
BN,MY,19
BE,BY,19
SL,UK,19
GT,MX,19
CN,SK,19
DO,MX,19
KE,PT,19
BR,TN,19
BG,UA,19
AM,CZ,19
AT,GE,19
MA,TN,19
BF,NG,19
SD,UG,19
SE,ZM,19
EC,IT,19
IE,LU,19
BA,US,19
MA,NL,18
CH,CR,18
FR,MZ,18
IE,IR,18
HR,IL,18
MR,SN,18
CA,OM,18
ES,PH,18
HK,PT,18
GA,GH,18
BO,DE,18
DE,KZ,18
DZ,MA,18
NO,PE,18
CY,EE,18
MZ,NL,18
BE,PH,18
PK,TW,18
GR,HK,18
BD,NO,18
QA,TN,18
KW,QA,18
RW,ZM,18
GT,UK,18
AM,IL,18
AT,LI,18
IE,TH,18
PH,ZA,18
EG,SD,18
GH,MY,18
DE,ZM,18
BR,ET,18
SY,UK,18
AM,DK,18
MW,ZW,18
NO,TH,18
HR,UA,18
PK,RO,18
IT,MW,18
BE,LV,18
AT,LV,18
LT,TR,18
CY,TR,18
CN,IS,18
AU,BF,18
DE,MT,18
LT,RS,18
IN,TN,18
EG,TW,18
FR,LA,18
NO,NP,18
IL,LT,18
DK,ID,18
KZ,UK,18
AM,PT,18
RO,TW,18
AE,CH,18
AT,TZ,18
PE,PT,18
OM,PK,18
PY,US,17
GE,JP,17
IR,TH,17
KE,SG,17
PL,SA,17
HK,SA,17
AU,ML,17
ET,PK,17
AE,ES,17
IN,MZ,17
FI,PK,17
BF,UG,17
CO,RU,17
CN,CR,17
CN,LT,17
SA,SY,17
IT,MZ,17
BR,BY,17
IE,MW,17
BE,ML,17
CZ,MY,17
DE,ML,17
JP,KZ,17
AU,ZM,17
LU,ZA,17
MA,TR,17
BJ,SN,17
GW,SE,17
CR,PA,17
SD,ZA,17
EG,ID,17
CY,DK,17
KE,PE,17
IE,PK,17
ES,QA,17
JP,LU,17
EC,NL,17
LY,SA,17
ES,GA,17
TH,TR,17
CG,DE,17
EC,JP,17
BR,CM,17
AU,CI,17
BD,BR,17
FJ,NZ,17
BY,FI,17
NL,ZW,17
AM,RO,17
LV,NO,17
AE,AT,17
CN,VE,17
BG,KR,17
AR,PY,17
EG,ZA,17
CA,PR,17
IN,KZ,17
AU,UY,17
SZ,UK,17
CM,ML,17
BR,IS,17
CN,SD,17
AT,VN,17
IN,MM,17
IS,PT,17
ET,JP,17
LS,US,17
UK,YE,17
HU,IR,17
CN,LB,17
AZ,DE,16
EG,LY,16
HK,PL,16
LT,UA,16
EE,IS,16
BE,CR,16
CO,PR,16
RS,SK,16
ET,TZ,16
MX,PR,16
CA,JO,16
AU,VU,16
UY,VE,16
BH,EG,16
NL,UY,16
CY,IE,16
CO,TR,16
IT,ML,16
AR,HN,16
GM,TZ,16
LB,ZA,16
CI,ZA,16
GM,IT,16
IL,SA,16
KR,NP,16
FR,MT,16
EE,MX,16
AU,VE,16
HK,NZ,16
AO,BR,16
AR,UG,16
JP,LT,16
BR,LB,16
AR,PK,16
BF,GA,16
NL,SR,16
CA,JM,16
IT,SN,16
CY,FI,16
CO,UY,16
BJ,CI,16
NO,SD,16
AR,MY,16
DO,VE,16
SA,SI,16
BR,SN,16
HR,NZ,16
ES,GM,16
CI,KE,16
DK,ZW,16
BD,SA,16
MG,SN,16
MY,NO,16
AR,PR,16
DE,GM,16
CH,NE,16
TG,US,16
FR,PA,16
BY,CA,16
IN,PA,16
LT,RO,16
CI,GH,16
ES,GH,16
GE,SE,16
MK,RS,16
EG,IE,16
AR,GT,16
CH,EC,15
CA,LT,15
BO,CO,15
LK,MY,15
AE,SE,15
AU,CY,15
DE,DZ,15
BY,ES,15
GE,TR,15
BF,MW,15
EG,TN,15
BB,UK,15
NL,ZM,15
IL,TH,15
GQ,UK,15
MY,PL,15
BA,UK,15
HR,LT,15
BE,BO,15
DE,MN,15
HN,MX,15
AM,GR,15
GA,KE,15
ML,ZA,15
AU,KW,15
IR,SG,15
PK,ZM,15
OM,QA,15
MM,UK,15
AF,PK,15
HR,KR,15
LY,SD,15
AE,ZA,15
AR,RO,15
BG,NZ,15
CM,GA,15
ID,NZ,15
AM,MX,15
AM,AU,15
IL,IS,15
AT,GA,15
ID,PT,15
NZ,SA,15
BG,MX,15
LB,TR,15
CM,DK,15
SV,US,15
CA,LK,15
KR,TZ,15
BW,MX,15
CM,NL,14
CA,ML,14
BR,PY,14
IN,LB,14
CH,LI,14
GT,KE,14
GL,SE,14
HR,IR,14
CL,UA,14
IQ,IR,14
AE,DZ,14
BE,TN,14
CZ,EG,14
PT,TZ,14
KE,MX,14
IN,SN,14
LR,US,14
SN,TZ,14
DO,IN,14
CH,UY,14
AE,QA,14
IR,RO,14
LT,TW,14
LT,SK,14
FI,PH,14
AM,BE,14
BY,CH,14
GT,PK,14
IN,MW,14
CO,MY,14
EG,JO,14
ES,MW,14
CN,TZ,14
CN,KZ,14
CG,NL,14
GM,SE,14
KH,PH,14
LK,NL,14
AT,ET,14
AM,IE,14
PK,SG,14
EE,RO,14
HK,HU,14
BR,LU,14
LB,NZ,14
BE,ZW,14
BF,NO,14
DZ,TN,14
EG,NZ,14
GM,MW,14
CU,FI,14
CV,PT,14
CO,KE,14
ID,KH,14
BR,QA,14
AU,EC,14
BF,TH,14
TW,UA,14
CR,NL,14
SE,ZW,14
GE,PT,14
NP,ZA,14
CY,RU,14
NG,NZ,14
RO,ZA,14
SE,SN,14
VE,ZA,14
CA,GL,14
GT,IN,14
CI,SN,14
BD,PH,14
HU,TH,14
GE,IL,14
EE,TR,14
NP,PK,14
CA,LV,14
AT,ID,14
BY,DK,14
DE,RW,14
EC,VE,14
BG,LV,14
NE,SN,14
IN,IS,14
DK,PH,14
GE,UA,14
ES,PA,14
BA,IT,13
BB,US,13
AE,LB,13
BG,TW,13
CU,DO,13
CM,UG,13
ES,KZ,13
HN,PE,13
MU,US,13
IT,KZ,13
LB,QA,13
CA,SY,13
SK,UA,13
MK,UK,13
PT,VE,13
AU,PA,13
SZ,ZA,13
AM,IN,13
IT,LK,13
BO,MX,13
DE,PR,13
EC,NI,13
JP,SD,13
NZ,TZ,13
NL,TN,13
BE,VE,13
FR,OM,13
IE,IS,13
CZ,SA,13
NL,SN,13
CG,CM,13
IR,UA,13
BR,LT,13
CZ,MA,13
BJ,TZ,13
CO,NO,13
CN,NP,13
LB,RU,13
IL,SK,13
CA,NA,13
NZ,QA,13
FR,KZ,13
DZ,SA,13
NG,PK,13
MD,RU,13
BG,EE,13
FR,JO,13
LK,PK,13
LA,VN,13
AU,CU,13
EG,YE,13
JO,MY,13
CZ,LV,13
FR,HT,13
GM,TH,13
MN,UK,13
DE,IQ,13
BR,PR,13
AU,LV,13
CM,TZ,13
NA,NL,13
EG,MA,13
JP,QA,13
IN,KH,13
AL,US,13
KR,MN,13
FJ,UK,13
NO,VN,13
IN,UY,13
ML,NG,13
IS,RU,13
JP,TN,13
BO,NL,12
CL,CR,12
UA,UZ,12
HU,IS,12
CN,ET,12
KE,KH,12
AT,BF,12
NE,NG,12
BG,CY,12
BB,CA,12
HK,MX,12
BO,CL,12
HU,LV,12
ES,GQ,12
TN,TR,12
AU,CG,12
AT,MN,12
PL,VN,12
AR,ZM,12
CG,GH,12
HK,RU,12
BR,HN,12
KE,NA,12
GL,US,12
SN,TH,12
GM,SN,12
EG,OM,12
IR,NG,12
ID,TR,12
BR,GT,12
ML,NL,12
HK,IE,12
CH,LA,12
CH,GA,12
BW,NO,12
AU,SD,12
AM,UA,12
BN,UK,12
RS,UA,12
BO,SE,12
BR,LV,12
CL,HN,12
DK,ML,12
JP,UZ,12
CN,DO,12
CA,DZ,12
BA,SE,12
GN,UK,12
MW,NA,12
LK,ZA,12
DK,MZ,12
MG,ZA,12
CY,LT,12
CH,RW,12
AZ,IR,12
KH,KR,12
BD,UG,12
MZ,UG,12
GT,ZM,12
AT,BY,12
EG,NG,12
HK,ZA,12
LI,US,12
BJ,GH,12
BF,IN,12
PE,UG,12
IT,ZM,12
AO,UK,12
AU,TN,12
BY,CN,12
CO,GR,12
CG,NG,12
AU,MM,12
CI,CM,12
CN,IQ,12
FI,GH,12
AR,BD,12
MY,RU,12
ET,SD,12
ID,PK,12
BR,GE,12
EE,IR,12
DK,SN,12
AZ,MY,12
GN,US,12
BW,TZ,11
AZ,UK,11
CO,IR,11
CL,RS,11
EC,IN,11
PR,VE,11
BY,SE,11
CR,SE,11
AU,PR,11
MX,SG,11
IE,NG,11
AU,JO,11
NP,NZ,11
BE,PA,11
HK,SI,11
EG,RS,11
PT,UY,11
ET,NG,11
CO,TW,11
AR,PH,11
CU,DK,11
IT,SD,11
BJ,DE,11
LT,LU,11
BD,ES,11
GR,TN,11
PH,SE,11
EG,IL,11
BG,CO,11
AM,SE,11
BG,ZA,11
DE,PG,11
KR,QA,11
AE,BE,11
HK,PH,11
PE,VN,11
IT,MG,11
BZ,US,11
RS,TW,11
LK,TH,11
FR,ZM,11
MY,NP,11
MX,RS,11
JP,SY,11
BY,NO,11
CL,TR,11
TH,UA,11
BY,JP,11
EG,ET,11
IR,LB,11
MU,UK,11
HR,PK,11
MY,RO,11
PE,PR,11
AM,PK,11
BD,TZ,11
CN,TN,11
IE,MT,11
NZ,VN,11
BY,GR,11
GE,GR,11
ET,MW,11
BR,KH,11
NZ,PH,11
CN,MW,11
GE,IR,11
RO,SA,11
CO,NI,11
IN,UZ,11
AR,PA,11
CI,TG,11
MT,NL,11
HR,TW,11
UK,UZ,11
MW,TH,11
CN,UZ,11
AM,FI,11
JP,UY,11
NO,QA,11
BD,DK,11
KE,PG,11
BR,LK,11
BI,US,11
AR,EG,11
MT,US,11
CZ,GE,11
IN,NE,11
BR,MW,11
AT,BD,11
NG,VN,11
BG,GE,11
MX,PA,11
BR,GM,11
BY,NL,11
LU,RS,11
SE,VE,11
MX,SK,11
CH,TG,11
NG,SN,11
CY,IN,11
BO,CH,11
ID,PG,11
AZ,CH,11
CU,MY,11
CL,TH,11
MY,QA,11
IT,PA,11
PK,UA,11
AE,DK,11
AR,HR,11
CA,GM,11
BY,HR,11
MX,PH,11
FI,PE,11
IL,LV,11
FI,KE,11
CY,RS,11
CH,TD,11
GA,SN,10
ET,VN,10
GM,NZ,10
GA,PT,10
GH,MZ,10
GR,LB,10
GM,VN,10
BO,VE,10
CY,IR,10
CO,LB,10
IE,KE,10
CL,LB,10
CY,JP,10
PG,TH,10
BH,IE,10
NI,UK,10
BR,DO,10
KE,LU,10
CO,SG,10
GM,GW,10
EG,RO,10
BR,SK,10
NI,PE,10
BE,UY,10
BE,MT,10
CZ,LU,10
AU,MN,10
NZ,SI,10
JP,LV,10
CA,MN,10
IN,LT,10
CO,RO,10
BD,MW,10
SG,TR,10
EG,PE,10
MT,PT,10
SK,TR,10
CN,CY,10
AM,HR,10
IL,NG,10
CF,US,10
EG,GH,10
BJ,DK,10
MW,MZ,10
IE,LB,10
CY,NO,10
AE,MX,10
NG,ZM,10
AE,HU,10
PK,TZ,10
CI,ML,10
SI,ZA,10
CL,IS,10
GA,TH,10
EC,ZA,10
PY,UK,10
IL,LB,10
GE,HR,10
NZ,VE,10
LK,SG,10
NG,TR,10
EE,EG,10
BY,CZ,10
MZ,NO,10
ET,SN,10
BR,OM,10
MW,VN,10
KE,PH,10
BG,EG,10
AU,NE,10
FR,SD,10
CN,SY,10
RW,TZ,10
BF,TG,10
LV,SI,10
BF,DK,10
IE,LV,10
FI,LY,10
NZ,RS,10
MM,MY,10
NZ,UA,10
EE,UA,10
CU,GR,10
SK,TW,10
SI,UA,10
CM,CN,10
MM,VN,10
FI,MW,10
JP,MW,10
SI,VE,10
DK,NG,10
DK,NP,10
BJ,TG,10
CM,PT,10
GL,NO,10
KR,PE,10
LS,ZA,10
KH,LA,10
AE,PT,10
HK,ID,10
AT,SN,10
PE,PK,10
BW,ZW,10
LV,RO,10
GE,KR,10
LB,PT,10
LU,SK,10
AE,MY,10
EG,NO,10
PG,TZ,10
DK,GM,10
BJ,TH,10
MY,UZ,10
CH,TJ,10
GA,TZ,10
MD,US,10
NG,PT,10
BN,LK,10
CL,SK,10
BR,ZW,10
EC,PT,10
IT,JO,10
IT,NP,9
IL,MA,9
KW,PK,9
CR,IN,9
CI,CN,9
HU,PK,9
CL,SI,9
BG,TH,9
OM,SE,9
MA,SE,9
CL,EE,9
DE,NE,9
EG,UA,9
CZ,IS,9
CL,EC,9
CN,UG,9
BR,HT,9
CN,MA,9
IS,ZA,9
AL,NL,9
IT,MK,9
BJ,ES,9
IR,KW,9
CZ,PE,9
CH,DZ,9
NZ,RO,9
GT,PA,9
JP,MA,9
GR,MT,9
AE,KW,9
CA,GT,9
CA,CY,9
BF,VN,9
KE,SA,9
AT,PH,9
MX,NI,9
FR,TD,9
BH,IN,9
CU,SG,9
BE,CI,9
BE,QA,9
AR,HK,9
JO,LB,9
AE,IR,9
MC,US,9
AE,PK,9
SE,TN,9
BJ,KE,9
FR,RW,9
MY,OM,9
BG,IR,9
CO,HN,9
BO,CA,9
JP,PA,9
QA,YE,9
MK,NL,9
EE,KR,9
DM,US,9
CN,PA,9
GH,NO,9
IN,SY,9
AU,OM,9
BF,NE,9
CA,MZ,9
CY,SI,9
CM,NE,9
BR,CY,9
SD,YE,9
CU,NO,9
AT,BA,9
AU,BO,9
IT,KW,9
FI,NG,9
CY,RO,9
DZ,TR,9
HU,QA,9
BN,SA,9
ET,NP,9
EG,HR,9
BO,NI,9
PE,RU,9
DK,LB,9
AM,AT,9
BJ,IT,9
LB,PK,9
IN,MA,9
CO,HU,9
MW,SN,9
DE,MZ,9
LV,RS,9
IT,OM,9
FJ,US,9
CF,GA,9
AE,TR,9
CH,MM,9
CU,SE,9
AF,DE,9
AE,TW,9
JP,LA,9
KR,RS,9
CY,HR,9
AU,BY,9
FI,LB,9
CY,IL,9
CO,PK,9
PA,VE,9
BJ,ZA,9
BR,NP,9
AE,NZ,9
CN,UY,9
MW,RW,9
CM,ES,9
KR,SK,9
ER,US,9
SN,UG,9
AM,HU,9
PE,TW,9
JO,TR,9
CU,IL,9
GR,QA,9
CO,EE,9
HR,TH,9
GH,ZM,9
GH,ID,9
BD,MX,9
CO,UA,9
ID,PE,9
BH,OM,9
EG,GE,9
FR,MK,9
EG,PH,9
AM,BY,9
AT,NG,9
AE,KE,9
AM,BG,9
BR,MG,9
BD,NG,9
AM,TH,9
LU,TR,8
BO,DK,8
DK,VE,8
GA,IT,8
BR,GA,8
JP,KW,8
GE,PK,8
AR,NI,8
BJ,NG,8
LT,NZ,8
CA,KZ,8
BA,ES,8
CN,ML,8
ET,ZM,8
BW,FR,8
EE,PK,8
BY,HU,8
DK,EC,8
JM,TT,8
LY,US,8
CO,NG,8
BD,HR,8
CN,SN,8
AF,EG,8
CH,NA,8
LB,PL,8
MK,SI,8
AR,LV,8
BN,US,8
BG,BY,8
IN,ZW,8
IQ,IT,8
HU,MY,8
DK,MW,8
OM,YE,8
AM,RS,8
GN,SN,8
TD,UK,8
AT,MA,8
BY,EE,8
EE,SK,8
FR,GT,8
PK,RS,8
NG,YE,8
UG,VN,8
PH,PT,8
LK,SE,8
ES,LK,8
EE,ZA,8
MY,RS,8
KW,LB,8
AE,BH,8
LU,RO,8
BE,MK,8
HK,IR,8
BA,NL,8
GW,US,8
KH,NL,8
ML,TZ,8
ML,SD,8
CL,SA,8
CY,EG,8
MX,VN,8
MA,ZA,8
IL,IR,8
AU,DZ,8
BE,BI,8
BE,MG,8
CA,CG,8
KR,LT,8
BA,PL,8
BE,UZ,8
CR,GT,8
LV,TR,8
AM,GE,8
EG,SY,8
BY,MX,8
CZ,ET,8
CN,KW,8
CL,IR,8
DK,QA,8
EC,PY,8
SD,TZ,8
CM,RO,8
BE,SD,8
CU,KR,8
BY,IE,8
AE,GR,8
BY,PT,8
CR,ZA,8
EE,MY,8
CU,CZ,8
FI,MT,8
EC,NZ,8
BF,GN,8
AT,LB,8
LU,MW,8
AO,FR,8
CU,UY,8
GR,IQ,8
AU,SK,8
LU,LV,8
MT,SE,8
FR,PR,8
LB,MY,8
CH,GN,8
IQ,JO,8
SN,VN,8
JM,ZA,8
QA,SE,8
BH,QA,8
AT,UG,8
LK,NZ,8
LB,SN,8
CU,TW,8
CL,PR,8
TZ,VN,8
AU,MA,8
BD,LK,8
CO,EG,8
PT,VN,8
DE,TG,8
LI,UK,8
GY,US,8
LB,TH,8
GE,NL,8
DK,MT,8
HN,NI,8
IS,LU,8
BY,LT,8
BE,GN,8
FR,NP,8
PE,PL,8
IE,VN,8
KW,OM,8
SG,TZ,8
BD,BF,8
GE,HU,8
AU,LA,8
GM,ZM,8
CH,PA,7
AN,US,7
AU,BW,7
SA,VN,7
DE,NI,7
FR,KW,7
CO,LK,7
BF,ET,7
EC,HN,7
AU,BN,7
ES,ML,7
CA,MG,7
BH,YE,7
FR,LK,7
CZ,HK,7
CA,KH,7
ID,TZ,7
BH,UK,7
BF,BR,7
CM,EG,7
HR,MK,7
BR,MA,7
GT,SV,7
CN,PR,7
IQ,SA,7
KE,VE,7
CH,JO,7
QA,SG,7
CO,GT,7
AN,NL,7
TD,US,7
GA,UG,7
RO,TH,7
GE,IE,7
BW,KE,7
AT,MT,7
AE,JO,7
KE,NE,7
CU,EC,7
PT,UZ,7
DJ,FR,7
AR,VN,7
NL,PR,7
HR,PE,7
BF,JP,7
MA,PK,7
CH,NI,7
FR,MN,7
HK,KE,7
GH,LU,7
MK,RU,7
DE,MC,7
LT,MX,7
AL,DE,7
BT,TH,7
AM,SK,7
CN,LK,7
CL,SG,7
ES,MT,7
PK,QA,7
AM,EE,7
CY,NZ,7
LB,MA,7
NG,SD,7
IL,MT,7
CF,UK,7
AE,YE,7
NG,TW,7
NL,PA,7
AR,TN,7
GE,MX,7
MG,PT,7
KH,MY,7
IQ,SE,7
BH,KW,7
EC,UY,7
IL,KE,7
GH,ZW,7
AZ,BE,7
PE,PH,7
KR,PR,7
GM,IN,7
BD,GM,7
EE,TH,7
SK,ZA,7
CN,OM,7
AF,NL,7
GE,TW,7
CA,HT,7
BY,IN,7
GM,ML,7
LB,MX,7
CG,ZM,7
BF,LU,7
MY,UA,7
CG,EG,7
CH,SC,7
PH,SA,7
MX,SV,7
HU,LU,7
CG,IT,7
FR,IQ,7
LA,SE,7
FR,MD,7
EC,SE,7
CF,SN,7
RW,SE,7
IQ,PK,7
CG,GM,7
US,WS,7
BR,NI,7
PY,VE,7
CO,SA,7
LB,SE,7
CL,HR,7
AF,JP,7
PH,TZ,7
DZ,PT,7
CM,NO,7
DK,UY,7
PA,PR,7
LB,RO,7
EC,MY,7
PA,PE,7
ES,NP,7
EC,PA,7
ML,TH,7
AE,BR,7
PA,UY,7
AR,ET,7
BD,NZ,7
CY,SK,7
CM,ZM,7
CA,TD,7
BY,TR,7
ID,LK,7
NG,ZW,7
AU,NA,7
LV,UA,7
SR,US,7
TG,UK,7
DE,ZW,7
ML,NE,7
AU,GA,7
BY,IR,7
ES,ZM,7
MT,PL,7
BW,IT,7
ES,UZ,7
CU,UA,7
GR,JO,7
IT,SY,7
DK,KH,7
CR,VE,7
CN,JO,7
DK,TN,7
GE,TH,7
BE,NI,7
DK,GA,7
DZ,NL,7
PE,PY,7
GM,UG,7
IT,MC,7
IS,KR,7
CO,LT,7
CI,GM,7
CA,SD,7
LR,UK,7
HK,PK,7
BJ,SE,7
HK,VN,7
BD,SN,7
AR,EE,7
SA,VE,7
CH,MG,7
CY,TW,7
CL,RO,7
NP,UG,7
MA,RO,7
AU,GT,7
CA,CI,7
IT,KH,7
KH,SE,7
BO,QA,7
CA,HN,7
LU,NZ,7
JP,MK,7
AU,RW,7
LU,SN,7
CU,PR,7
BI,UK,7
US,VU,7
MC,UK,7
HR,LU,7
GR,MA,7
BG,MK,7
CZ,MT,7
LB,NO,7
GW,NL,7
NG,PH,7
CI,MW,7
NA,PL,7
CH,SL,7
ML,NO,7
EG,TZ,7
CY,LU,7
SL,SN,7
PG,VN,7
LK,MM,6
GE,NZ,6
EG,LT,6
GR,PE,6
IR,MA,6
FR,SC,6
CM,PK,6
ID,MM,6
AT,PE,6
KW,NL,6
IT,MN,6
BY,TW,6
EE,GE,6
BO,IT,6
SG,SN,6
PE,TZ,6
BJ,GA,6
IL,PE,6
AZ,IT,6
AR,DO,6
IN,SD,6
IE,QA,6
CO,PY,6
CM,MY,6
BW,ZM,6
CH,LS,6
MA,SN,6
GL,UK,6
IS,TR,6
AT,CM,6
GE,MY,6
KZ,SE,6
FR,JM,6
AT,CU,6
FI,TZ,6
GA,MZ,6
CM,TH,6
CY,MY,6
BD,SG,6
CU,NI,6
HU,PE,6
JO,SE,6
FJ,JP,6
ET,ML,6
MZ,TH,6
GL,IT,6
NZ,UY,6
EE,TW,6
JO,NL,6
PA,SE,6
GT,ZA,6
ID,SA,6
GL,PL,6
LK,NP,6
AM,LT,6
RS,SA,6
CA,TT,6
IR,JO,6
DE,YE,6
AO,ES,6
CN,EC,6
CO,CY,6
ID,NP,6
CU,PL,6
BR,CG,6
DE,GN,6
CA,MK,6
BW,CH,6
HN,HT,6
GR,PH,6
GL,UA,6
BD,MM,6
BE,LK,6
AR,ID,6
IS,NZ,6
JP,PR,6
LB,TW,6
FM,US,6
EE,SG,6
KE,KR,6
KW,SE,6
LU,TW,6
MX,PY,6
AR,JM,6
AR,NG,6
KH,MG,6
CY,KR,6
CO,RS,6
BO,PY,6
NL,UZ,6
MD,RO,6
BJ,ML,6
AT,KW,6
NZ,TN,6
CA,IQ,6
CR,FI,6
ET,RW,6
CR,PE,6
AL,FR,6
LB,TN,6
FR,GW,6
NI,VE,6
CM,ET,6
AR,RS,6
CG,RW,6
FR,MR,6
AF,TH,6
PK,UG,6
CN,MG,6
ID,PL,6
IL,PK,6
BF,MZ,6
BR,SD,6
JP,PG,6
DK,MG,6
CR,LB,6
CG,ZW,6
BG,LU,6
HK,QA,6
CU,SK,6
MN,NL,6
SN,TG,6
NI,PY,6
ES,IQ,6
BS,US,6
BY,PK,6
BR,CI,6
EG,SG,6
IN,PG,6
CO,IE,6
CU,ZA,6
OM,PT,6
CO,GE,6
MA,MX,6
CL,HT,6
GM,ID,6
BN,SG,6
CI,IN,6
GE,RS,6
IR,KE,6
AE,LY,6
ES,MK,6
CH,IQ,6
MW,NG,6
JO,MA,6
PH,PL,6
BH,CA,6
PT,QA,6
DK,PA,6
AE,FI,6
BD,IR,6
ID,LA,6
NI,NL,6
CA,LA,6
AR,HT,6
CO,PH,6
NL,SY,6
CU,RU,6
CU,JM,6
AT,OM,6
PE,SG,6
AU,SY,6
ES,SN,6
CA,GA,6
BA,MK,6
GE,LT,6
TW,TZ,6
AU,JM,6
BY,GE,6
BR,ZM,6
CU,VN,6
CR,LK,6
ES,OM,6
AE,MA,6
HN,VE,6
IR,VN,6
BG,PK,6
GR,MK,6
GH,NE,6
BH,JO,6
LK,PH,6
SG,VE,6
MZ,ZM,6
JM,SE,6
HR,IS,6
CM,TD,6
BY,TH,6
AM,CO,6
DK,MA,6
GM,MZ,6
TH,ZW,6
JP,SN,6
ML,UG,6
IL,UY,6
DE,LA,6
CL,PA,6
LT,MY,6
AR,LB,6
BF,TD,6
MX,TZ,6
CI,VN,6
BY,RS,6
KE,SL,6
IN,MN,6
DE,MM,6
MZ,NG,6
IN,JO,6
AU,MG,6
BY,IL,6
LV,SK,6
AT,SD,6
IQ,TR,6
AM,EG,6
JM,NG,6
CO,HR,6
KH,SG,6
IR,TN,6
CG,TZ,6
BY,KR,6
ES,NA,6
LT,TH,6
KE,LK,6
CN,ZM,6
CR,EC,6
BE,NE,6
TN,ZA,6
AR,BG,6
EG,VE,6
BE,BW,6
IL,TN,6
CR,DK,6
HT,PE,6
EC,PK,5
ID,IR,5
CM,MG,5
KH,SN,5
CI,TZ,5
QA,TR,5
ET,MY,5
DK,DZ,5
CM,GM,5
NA,ZM,5
EC,LT,5
AU,LY,5
BF,MG,5
PE,UY,5
CF,CM,5
ET,TW,5
CM,GR,5
DZ,IN,5
KW,NO,5
BD,RU,5
MM,PH,5
EC,LK,5
NO,PH,5
ET,SA,5
BA,BE,5
BA,NO,5
BO,IN,5
AU,MK,5
ID,MW,5
CH,MC,5
SB,VU,5
CG,SE,5
DE,LY,5
GM,JP,5
GR,UG,5
QA,TH,5
GE,ZA,5
CI,GA,5
KW,MA,5
IL,KW,5
ET,IE,5
MA,RU,5
EG,KZ,5
IE,ZM,5
MZ,RW,5
EG,SI,5
CM,JP,5
CL,NI,5
IT,NI,5
MY,UG,5
EE,MT,5
KE,NP,5
CG,MW,5
CN,LA,5
KR,MM,5
NE,UG,5
ES,GT,5
BR,ML,5
NZ,SK,5
AT,GH,5
PA,SV,5
CO,DO,5
AM,MY,5
KW,MY,5
HT,UK,5
AT,UY,5
LK,UG,5
JO,ZA,5
CU,TR,5
HK,TR,5
FJ,FR,5
CG,GA,5
GT,IT,5
DK,SD,5
AR,LT,5
HR,MY,5
BD,CI,5
GM,PE,5
ES,KW,5
HU,TN,5
BZ,UK,5
CN,LV,5
SC,UK,5
IT,ZW,5
BW,NG,5
PK,SI,5
ET,IR,5
AZ,SA,5
BG,MY,5
CY,PK,5
BF,ID,5
PA,PT,5
BH,SD,5
GT,NL,5
DE,DO,5
ID,UG,5
ML,MW,5
CA,NE,5
LT,PK,5
AU,WS,5
DE,SL,5
CG,VN,5
CY,GE,5
CO,SV,5
AO,MZ,5
ML,VN,5
NZ,PE,5
BY,EG,5
IS,LT,5
FR,NI,5
KG,US,5
CZ,TZ,5
BN,CN,5
IR,SY,5
KZ,PL,5
CN,GT,5
JO,KW,5
BT,US,5
AF,IN,5
AF,CA,5
CU,RO,5
KH,ML,5
BY,MY,5
AU,IQ,5
MM,NP,5
FR,MM,5
CH,KW,5
AL,GR,5
DK,KZ,5
CH,OM,5
JP,MG,5
ES,NI,5
NE,TZ,5
IR,SD,5
SD,TH,5
PH,UG,5
EC,SV,5
KG,TR,5
IR,LT,5
SB,US,5
HR,MT,5
GH,SD,5
BF,TW,5
BY,CO,5
GQ,NO,5
IT,RW,5
CG,IN,5
QA,RS,5
RW,ZW,5
IQ,OM,5
BY,NZ,5
SY,YE,5
FR,PY,5
CZ,UZ,5
CZ,ID,5
MG,NE,5
BY,CY,5
GQ,ZA,5
CY,MX,5
JO,JP,5
CN,TT,5
BF,ZM,5
KZ,UZ,5
NG,NO,5
KR,VE,5
ET,PT,5
EG,UG,5
NG,NP,5
AF,IR,5
BT,JP,5
CI,SE,5
AR,UA,5
DK,MN,5
LU,VN,5
BF,MX,5
MT,SI,5
BD,EG,5
LB,NG,5
AF,FR,5
BF,ES,5
FI,MG,5
KZ,UA,5
NI,SV,5
IN,ML,5
CM,SD,5
IR,KZ,5
IN,NA,5
MT,NO,5
CA,GY,5
IN,PR,5
BO,JP,5
CH,MT,5
IT,PR,5
AU,GW,5
BO,UY,5
ID,RO,5
BD,TR,5
EE,LU,5
SG,SK,5
MN,TH,5
LK,NO,5
PE,UA,5
CL,PK,5
BO,LT,5
CG,SL,5
LT,ZA,5
PR,TH,5
BF,PT,5
KW,RS,5
JP,KG,5
KH,PG,5
KH,MM,5
NG,RW,5
FI,GL,5
JP,OM,5
SI,TW,5
NL,PG,5
GE,RO,5
GH,JM,5
AT,ML,5
AM,NZ,5
CI,IT,5
ES,MN,5
DE,KH,5
GR,TZ,5
CO,MA,5
AU,UZ,5
HT,MX,5
BD,MZ,5
KR,LB,5
FR,YE,5
CR,NZ,5
MX,MZ,5
AR,DZ,5
NZ,UG,5
DE,LI,5
HR,SA,5
ES,HN,5
GH,TG,5
BF,SD,5
IN,IQ,5
PH,PK,5
CL,KZ,5
IL,ML,5
PE,TR,5
CY,TH,5
KE,LA,5
SN,TN,5
CH,PY,5
CY,LV,5
BN,PK,5
NA,TZ,5
CI,NL,5
AE,IE,5
AE,AR,5
CI,LU,5
FR,GP,5
IE,SD,5
AM,CY,5
CH,MK,5
BI,NL,5
CU,TH,5
AZ,CL,5
CA,SZ,5
IN,YE,5
CO,TT,5
LT,MT,5
AO,CH,5
CH,MN,5
GH,SG,5
FR,LR,5
BN,DE,5
SG,SI,5
QA,ZA,5
CR,PR,5
KZ,NO,5
CA,MT,5
HK,TN,5
BJ,GM,4
HN,SE,4
CO,ET,4
ET,PE,4
GH,LK,4
BG,NG,4
NA,NO,4
MW,PT,4
SV,UK,4
BF,PK,4
GN,NL,4
EE,LB,4
NI,PA,4
ET,ZW,4
MU,ZA,4
IN,PY,4
IS,SI,4
AR,SN,4
FR,NA,4
FI,UZ,4
EC,SG,4
CM,TR,4
BD,TW,4
GT,HN,4
DE,PY,4
FR,LY,4
ET,GM,4
ID,RU,4
BT,CH,4
NA,SG,4
FR,LI,4
SA,UA,4
IR,PE,4
ML,MZ,4
AM,NO,4
AU,TT,4
NG,PE,4
IS,MY,4
PL,UZ,4
MK,SE,4
HN,SV,4
SD,ZM,4
BE,HN,4
AM,ZA,4
DE,TD,4
CA,UZ,4
CH,UZ,4
EC,KE,4
EC,GT,4
CR,EE,4
PE,SD,4
BA,DK,4
CH,GT,4
BW,NA,4
EG,IQ,4
BJ,UG,4
CR,IR,4
GH,LR,4
AT,VE,4
ES,JO,4
LU,SG,4
BA,FR,4
KH,ZA,4
SB,TW,4
LB,UG,4
CG,MZ,4
CY,MT,4
AU,MT,4
ID,VE,4
BH,TN,4
ML,PT,4
BW,PK,4
EC,GR,4
BG,LB,4
BJ,IN,4
MT,SK,4
PL,TN,4
IT,MD,4
MX,SD,4
FI,KW,4
IT,NA,4
GH,RW,4
CR,MY,4
RW,TH,4
MT,RO,4
FR,PG,4
JM,NO,4
FR,KM,4
GH,PK,4
PA,TT,4
PE,SK,4
DO,PR,4
MG,TZ,4
HK,MA,4
KZ,TR,4
GM,PT,4
AT,LK,4
HU,MA,4
AU,TO,4
CH,SY,4
BD,LU,4
NZ,TO,4
DZ,FI,4
CU,HR,4
MK,PT,4
MA,QA,4
MG,ML,4
BR,UZ,4
MY,NI,4
GT,PE,4
DE,GL,4
PH,VU,4
CM,KH,4
BJ,MZ,4
IT,SM,4
IR,QA,4
EE,HK,4
BD,KW,4
KM,MG,4
CM,TN,4
DZ,MY,4
EC,IR,4
CM,PE,4
MG,SE,4
RO,SG,4
DZ,JO,4
DO,ES,4
CZ,ZW,4
DE,GT,4
DE,ME,4
MW,SD,4
SV,VE,4
CA,SV,4
AT,LA,4
AE,PL,4
MM,PK,4
CN,DZ,4
BJ,GN,4
BD,PT,4
BY,LV,4
EC,GY,4
BH,LB,4
CH,YE,4
IQ,NL,4
CL,VN,4
BY,SI,4
JM,KE,4
IE,TT,4
GH,PT,4
AU,ME,4
AM,PE,4
KH,MN,4
AR,IR,4
IE,TZ,4
ML,ZM,4
BD,IS,4
BW,UG,4
IR,LK,4
CR,HU,4
FR,UZ,4
AL,UK,4
ES,PY,4
LU,MX,4
IT,LY,4
CU,PY,4
BR,SY,4
CI,ET,4
CO,UG,4
GA,NE,4
GR,ZW,4
DO,IT,4
KR,UG,4
DZ,EG,4
KE,MY,4
DE,TT,4
CU,HU,4
IL,QA,4
GR,KW,4
ET,RU,4
CI,ID,4
AR,SV,4
CH,SZ,4
BR,JM,4
BJ,BR,4
LB,PH,4
PH,SY,4
DZ,RU,4
DK,GE,4
DE,JM,4
AT,NA,4
NP,PE,4
IT,PY,4
BE,SL,4
KE,TG,4
BO,CN,4
CM,HU,4
GR,VE,4
ID,MZ,4
AZ,ES,4
IN,LA,4
BF,CG,4
GH,PA,4
ET,ID,4
ML,MX,4
PT,UG,4
KE,SK,4
SE,VU,4
BJ,MG,4
BO,TH,4
AZ,PL,4
AO,UG,4
BG,IS,4
BF,RW,4
HU,KW,4
IR,OM,4
ET,TH,4
AR,OM,4
PL,VE,4
GM,SG,4
IL,VN,4
AT,MK,4
HU,LB,4
GM,RW,4
TT,ZA,4
CA,DO,4
BE,KW,4
HU,KE,4
CH,HT,4
AU,BJ,4
PL,UY,4
GT,SE,4
AT,EC,4
GR,OM,4
SK,TH,4
GR,KE,4
BE,LA,4
MW,NZ,4
NP,PH,4
UY,ZA,4
GA,GM,4
BW,CM,4
SN,TD,4
IE,PE,4
PE,SV,4
BA,PH,4
AM,CU,4
UK,VU,4
ET,MX,4
DZ,IR,4
LT,NI,4
CR,PK,4
BA,EE,4
GH,PE,4
IN,TT,4
LS,UK,4
OM,SD,4
DZ,LB,4
FR,TT,4
CR,NI,4
TG,ZA,4
QA,SD,4
GH,NP,4
HN,PA,4
FI,VN,4
EG,ZW,4
EC,PR,4
CU,PK,4
MK,PL,4
HU,KZ,4
SE,SL,4
AZ,CA,4
IS,SK,4
LK,PG,4
CL,HK,4
GH,KR,4
BG,CL,4
CL,DO,4
FR,SL,4
BF,PG,4
AU,FM,4
CR,GR,4
BD,ET,4
CM,MZ,4
MM,NL,4
AE,NO,4
CH,JM,4
GN,UG,4
AT,KH,4
RS,ZA,4
CR,NO,4
IR,PH,4
GT,NO,4
LK,SA,4
FR,GY,4
BT,IN,4
LV,TW,4
SC,US,4
AT,ZM,4
MW,NP,4
GE,NO,4
HT,KE,4
BE,LS,4
BF,LB,4
GM,LU,4
ET,LU,4
FR,MU,4
KH,NE,4
CG,SN,4
IT,YE,4
KR,LU,4
AE,BD,4
HU,VN,4
MK,RO,4
PE,RO,4
BH,SE,4
GR,UY,4
IL,UZ,4
IL,JO,4
GH,TN,4
TG,TZ,4
JO,PK,4
CI,NG,4
CL,GT,4
BW,CG,3
NP,OM,3
TH,ZM,3
BZ,FR,3
BG,GH,3
BW,NL,3
NI,PR,3
TR,VE,3
AZ,ZA,3
AR,MA,3
DO,NL,3
PL,QA,3
ET,TN,3
CH,LR,3
IL,UG,3
MR,TN,3
CY,ZA,3
AE,IL,3
GM,IE,3
BD,GT,3
BD,CY,3
IE,MA,3
BD,CR,3
CO,ID,3
BO,VN,3
GT,NI,3
CA,GW,3
CL,UG,3
ID,SN,3
IN,LV,3
FI,PA,3
BW,SN,3
MN,SE,3
AL,CH,3
BD,IL,3
LY,TN,3
ES,GW,3
HU,OM,3
MY,PA,3
JP,RW,3
DO,FR,3
BO,PR,3
TH,VE,3
CN,MM,3
MY,TZ,3
DK,NI,3
KH,TW,3
HR,SG,3
AL,PL,3
IT,NE,3
BE,KZ,3
KR,LK,3
HR,PH,3
CZ,QA,3
MA,NO,3
HK,LU,3
CA,LR,3
HR,ME,3
FR,GQ,3
KZ,RO,3
BR,DZ,3
SA,TZ,3
CN,NE,3
LK,VN,3
BN,KR,3
PT,SN,3
EE,LK,3
BR,NE,3
BE,CF,3
SD,TR,3
AR,ZW,3
DZ,MX,3
DZ,TW,3
NI,VN,3
ES,MC,3
AT,CR,3
CL,EG,3
SD,VN,3
NG,TN,3
CH,KG,3
ER,UK,3
BF,ZW,3
IR,SK,3
CH,MD,3
HU,UY,3
AF,BE,3
GA,ID,3
CH,LY,3
AE,LT,3
FI,SD,3
AO,IT,3
AD,ES,3
VE,VN,3
BJ,GR,3
HN,JP,3
PY,SV,3
CR,CU,3
SI,TN,3
BD,TN,3
GH,MX,3
KR,SD,3
LU,RW,3
GM,PH,3
BD,GN,3
AT,KZ,3
TT,VE,3
EG,VN,3
AE,RU,3
CM,FI,3
BW,MW,3
AU,HN,3
LU,SA,3
CA,MM,3
ML,RW,3
SL,ZA,3
NG,TD,3
JM,NL,3
GA,SE,3
AT,GT,3
PR,PY,3
BO,CU,3
CI,TH,3
EC,HU,3
BJ,TN,3
BN,BR,3
AD,DK,3
IL,NP,3
MG,TH,3
AE,KR,3
MZ,VN,3
AO,CM,3
LB,MW,3
LB,SG,3
GN,MR,3
PH,RU,3
LI,SI,3
AR,GE,3
CR,PG,3
BD,OM,3
BE,PY,3
CA,LS,3
BO,SV,3
ES,NE,3
KR,KZ,3
HU,MT,3
KE,NI,3
CR,DO,3
KR,PY,3
MU,PK,3
BN,IN,3
BF,FI,3
FI,UY,3
AM,AR,3
SA,UG,3
AR,BY,3
CL,QA,3
AZ,UA,3
RU,TN,3
IN,RW,3
CH,MR,3
AO,BE,3
CM,GE,3
EC,SR,3
GA,NG,3
JO,TH,3
KO,SE,3
BA,TR,3
PG,SE,3
HN,PR,3
LB,LK,3
CZ,KZ,3
TW,ZM,3
AE,RS,3
PT,PY,3
HK,PE,3
CH,PR,3
CN,MU,3
MW,PK,3
BA,GR,3
GA,MW,3
CG,TH,3
BI,FR,3
BF,EG,3
BD,IE,3
GN,SE,3
GR,LK,3
ES,GL,3
FI,MK,3
GN,NE,3
EE,VN,3
PK,UZ,3
KH,NP,3
MW,SG,3
AT,JO,3
EC,EE,3
BH,MA,3
HU,NG,3
AR,MZ,3
ES,KH,3
HN,IT,3
CH,SB,3
MA,TW,3
BZ,MX,3
AF,IT,3
AE,CG,3
GR,ZM,3
BB,JM,3
CN,PG,3
NE,TD,3
CM,MA,3
ME,UK,3
EC,LB,3
BR,PG,3
JP,NI,3
MW,SA,3
HU,MK,3
BH,DE,3
MW,TW,3
BD,SI,3
HN,UK,3
GY,UK,3
LK,NG,3
MM,SG,3
QA,RO,3
LB,SY,3
ET,NE,3
BG,DZ,3
AE,EE,3
ET,KH,3
CA,LY,3
JP,SV,3
AZ,IN,3
KG,RU,3
HR,LV,3
ID,QA,3
GM,KH,3
BJ,CN,3
ID,MX,3
SA,ZM,3
BN,DK,3
AU,KZ,3
BW,JP,3
TR,VN,3
JP,MU,3
IT,JM,3
FJ,WS,3
ET,YE,3
KE,MG,3
DO,ID,3
AR,QA,3
NI,SG,3
MC,SA,3
KE,TW,3
ML,SA,3
ML,ZW,3
ES,SY,3
BA,SK,3
BR,RW,3
MW,PE,3
PK,VN,3
BE,MC,3
CI,UG,3
IQ,UG,3
NO,VE,3
BG,TN,3
GH,IE,3
DZ,RS,3
KE,UY,3
JM,JP,3
CV,DE,3
FJ,IN,3
NA,SD,3
AE,VN,3
CO,SD,3
CL,UZ,3
BR,LA,3
KW,SD,3
MZ,ZW,3
GM,SA,3
MX,SN,3
BY,VN,3
AD,IT,3
JO,NO,3
CN,SL,3
CZ,YE,3
BH,NL,3
SY,TR,3
ID,IL,3
HN,PT,3
CL,GE,3
CR,SV,3
AM,KZ,3
SN,ZM,3
AE,CZ,3
GL,RU,3
CR,KE,3
AE,RO,3
EC,PH,3
DO,NI,3
GH,SL,3
MG,UG,3
AE,SD,3
NG,RO,3
CU,HN,3
BO,PA,3
KE,OM,3
CZ,LB,3
PH,SB,3
BZ,DE,3
NL,OM,3
BF,CO,3
BD,NE,3
PH,ZW,3
BI,CH,3
LT,NP,3
IE,NA,3
ET,GA,3
MG,NL,3
MD,UK,3
BE,MN,3
BJ,PT,3
NG,SY,3
NP,YE,3
IE,TN,3
HT,PR,3
CF,CZ,3
LK,PT,3
MX,ZM,3
AU,CF,3
RU,TT,3
IS,NG,3
GT,HK,3
BR,SV,3
PR,TW,3
FI,TT,3
MZ,SN,3
DO,HN,3
SG,UY,3
CL,KE,3
MM,ZA,3
AU,BT,3
MN,RU,3
AU,MU,3
CM,NA,3
KZ,NL,3
CR,UY,3
ID,JO,3
NG,VE,3
KR,MK,3
ET,MZ,3
DK,KW,3
MZ,UY,3
IT,LI,3
CM,ZW,3
CU,PA,3
QA,TW,3
KE,PL,3
ES,SD,3
BD,FI,3
BI,DE,3
CY,QA,3
KW,TH,3
AR,CM,3
AU,SL,3
BT,PK,3
CH,KZ,3
AR,GH,3
TH,UY,3
PK,SK,3
BI,SD,3
EC,NO,3
LA,PH,3
JP,VU,3
DZ,GR,3
LU,TH,3
CR,HN,3
GH,PG,3
BD,HK,3
MX,UG,3
BR,NA,3
MY,PR,3
OM,ZA,3
MW,PG,3
CZ,KE,3
CU,ID,3
SA,SN,3
PG,TW,3
ML,TD,3
GR,NG,3
AU,HT,3
BH,CH,3
AD,DE,3
LK,PE,3
BR,GY,3
KE,SZ,3
BI,CG,3
GW,KE,3
SG,UG,3
AF,KE,3
PT,ZM,3
LY,NG,3
AR,MK,3
GA,ML,3
GM,KR,3
CO,KW,3
GH,KH,3
SD,TN,3
CG,JP,3
GN,NG,3
ML,PG,3
LR,UG,3
DO,PA,3
NZ,PR,3
CA,FJ,3
NG,UA,3
CR,RU,3
NZ,PG,3
BE,MM,3
AE,TN,3
CI,EG,3
GT,VE,3
CR,IL,3
KH,TZ,3
BW,ET,3
PK,TJ,3
MY,PE,3
CM,KR,3
IT,PG,3
AM,CL,3
IR,TZ,3
MD,NL,3
RU,UG,3
KH,NZ,3
BG,OM,3
GA,TD,3
CM,RW,3
FI,MA,3
IS,MX,3
NO,OM,3
NP,SG,3
GE,SA,3
CO,HK,3
CR,ID,3
FI,ID,3
HN,PY,3
DZ,UA,3
AO,ZA,3
ER,ZW,3
KO,NL,3
LU,RU,3
BB,IT,3
IE,UZ,3
AR,NP,3
AO,AU,3
ME,RU,3
CG,NA,3
GR,KZ,3
ES,JM,3
MN,TW,3
OM,UG,3
PA,TH,3
AM,SG,3
ID,NO,3
GR,MW,2
BT,NL,2
MN,PH,2
NE,NO,2
AZ,BY,2
CG,UY,2
HK,RO,2
IE,IQ,2
LU,PK,2
AE,SG,2
NE,SE,2
GN,ML,2
CR,UG,2
TJ,US,2
MK,TW,2
GY,SR,2
GQ,ML,2
FI,MZ,2
GY,TT,2
KZ,ZA,2
NP,PL,2
AU,LS,2
PG,SA,2
AF,KR,2
BF,GR,2
BD,TJ,2
VU,WS,2
AU,BH,2
NL,PY,2
AL,PT,2
EG,GA,2
GT,PH,2
NG,SL,2
AL,BE,2
HN,TR,2
HU,VE,2
CI,ES,2
KW,TN,2
BA,CN,2
LY,NL,2
JP,TT,2
GH,GW,2
IS,PK,2
MX,ZW,2
KR,MZ,2
OM,TH,2
BN,NL,2
AE,GH,2
BF,SL,2
ID,UY,2
DE,SZ,2
IQ,ZA,2
AF,ET,2
OM,RS,2
DO,SE,2
CG,CO,2
GT,JP,2
AT,BI,2
CZ,VE,2
BD,CG,2
BF,SG,2
AZ,RO,2
TO,US,2
MW,MY,2
BF,RU,2
NL,SC,2
HK,KW,2
DE,LR,2
KO,RO,2
MG,MR,2
AN,UK,2
BN,PL,2
JP,NE,2
AR,TT,2
CM,MX,2
MT,UA,2
CY,PE,2
CZ,KH,2
CH,MU,2
ET,LK,2
IR,LY,2
EE,KO,2
BR,BW,2
IT,LA,2
LK,UA,2
CO,VN,2
MN,UG,2
BW,SZ,2
LK,OM,2
BF,PH,2
NI,UG,2
NP,TW,2
NI,PH,2
BR,JO,2
CN,LS,2
CG,CI,2
AL,TR,2
DK,GQ,2
AZ,NL,2
IN,TG,2
AZ,LV,2
AU,SZ,2
RU,TZ,2
GH,TD,2
EC,KR,2
CM,MW,2
BJ,TW,2
BH,DK,2
RU,TJ,2
GQ,VN,2
KE,LB,2
SK,TZ,2
BR,KO,2
ET,KR,2
GH,IS,2
CO,TN,2
BB,MX,2
CY,LK,2
FI,KZ,2
AT,QA,2
BE,BH,2
ES,MD,2
MA,SI,2
NZ,PA,2
MA,MR,2
QA,TZ,2
FI,TN,2
MY,PG,2
AO,NL,2
JP,ML,2
GM,GR,2
ID,MA,2
BT,LK,2
BW,IR,2
KO,LV,2
PA,ZA,2
EC,SA,2
AZ,FR,2
CM,RU,2
TG,UG,2
IQ,NZ,2
DZ,SG,2
AU,GQ,2
BA,RU,2
MY,VU,2
ER,NG,2
BE,HT,2
NP,ZW,2
CU,KH,2
DK,MK,2
BF,SA,2
BZ,CA,2
SA,UY,2
HN,NL,2
IL,SN,2
FR,HN,2
CI,SG,2
PH,UY,2
BO,PL,2
BR,KZ,2
ES,MU,2
SV,VN,2
TZ,YE,2
NE,SD,2
KO,RS,2
CO,GY,2
PY,UY,2
CF,LU,2
PA,TW,2
RW,SN,2
JO,QA,2
AU,TG,2
BY,RO,2
PA,SG,2
GH,WS,2
DK,IQ,2
EC,TZ,2
DZ,ID,2
AT,GM,2
CN,ZW,2
GT,UY,2
BW,IE,2
ER,IT,2
ET,NZ,2
LB,OM,2
GT,TH,2
FM,PG,2
AU,KI,2
BJ,SI,2
ET,HU,2
TN,UG,2
FJ,SE,2
AR,KO,2
CZ,NG,2
FJ,KR,2
GW,PT,2
MA,PL,2
KR,LV,2
FI,KO,2
CO,MZ,2
EE,QA,2
GA,OM,2
CA,SR,2
AE,KO,2
EC,FI,2
AO,CA,2
CL,SN,2
BA,CZ,2
JM,ZW,2
CH,GQ,2
EC,TH,2
FJ,FM,2
AT,ZW,2
AZ,JP,2
BJ,NE,2
KR,MA,2
PH,PR,2
CO,GH,2
MG,VN,2
QA,SY,2
GH,MM,2
KN,US,2
CU,TT,2
MZ,SD,2
FR,KO,2
MC,NO,2
KG,UK,2
HK,TZ,2
CY,IS,2
BI,TZ,2
CO,DZ,2
BF,KH,2
FI,QA,2
IT,SZ,2
BR,GW,2
IQ,QA,2
HT,IT,2
BT,FR,2
BY,ZA,2
GA,MG,2
EE,TN,2
BF,LA,2
NL,SZ,2
SV,UY,2
NA,PR,2
KH,PE,2
MT,TR,2
BE,TG,2
BJ,TD,2
IE,VE,2
BE,PG,2
CN,MK,2
ES,KO,2
FJ,TO,2
AT,MZ,2
BA,BY,2
BE,SR,2
FR,VU,2
GH,GQ,2
AE,PH,2
GW,MZ,2
BE,NA,2
MG,NO,2
FJ,NL,2
AU,GY,2
BA,BR,2
IL,SY,2
BH,IT,2
CM,GQ,2
HT,TZ,2
PG,ZA,2
EG,TG,2
FR,KG,2
CU,EE,2
AD,BR,2
LK,TW,2
KW,PT,2
DE,HN,2
LA,TZ,2
ER,NL,2
DO,MY,2
JM,PA,2
AT,BJ,2
BA,NZ,2
CA,SL,2
LY,ZA,2
CH,ER,2
FJ,SG,2
CG,CZ,2
PH,VE,2
MA,SY,2
MX,OM,2
MN,PL,2
AT,MD,2
AZ,PH,2
CM,VN,2
AR,SK,2
IS,MT,2
BA,LT,2
ME,SI,2
BH,IR,2
PK,TN,2
LY,YE,2
BS,UK,2
LA,SG,2
PA,PL,2
CR,NG,2
JO,RU,2
LI,NL,2
DO,VN,2
ER,IL,2
BD,GE,2
DE,SR,2
JP,PW,2
CN,GL,2
SE,TG,2
BW,GH,2
CG,ET,2
AZ,PE,2
DZ,PK,2
NL,SV,2
RU,SY,2
DE,HT,2
CG,ES,2
AR,TZ,2
KW,ZA,2
BW,CN,2
NP,SD,2
PK,SN,2
AT,CI,2
CO,RW,2
MG,NG,2
BD,EC,2
CI,GN,2
FR,TJ,2
CI,RU,2
ET,GE,2
MK,SG,2
AU,MC,2
BG,ET,2
KH,PK,2
PK,SD,2
CL,LT,2
BE,IQ,2
NE,PK,2
DZ,SE,2
CF,ES,2
MM,SE,2
BB,TT,2
JO,SN,2
PE,ZM,2
BG,PE,2
FI,VA,2
ET,SZ,2
DO,GT,2
NI,PT,2
CA,NI,2
TR,UY,2
NI,TW,2
DZ,TH,2
HN,UY,2
AF,CG,2
ID,LU,2
AT,DZ,2
HK,RS,2
IE,MZ,2
AE,LV,2
BD,PE,2
CR,PH,2
IN,MU,2
HK,HR,2
BJ,PL,2
BG,ID,2
NZ,VU,2
CU,NG,2
PR,SA,2
GT,UG,2
ID,TG,2
HK,IS,2
CZ,NP,2
KH,NG,2
BO,GT,2
IQ,KR,2
IQ,LB,2
CR,TW,2
AT,NI,2
MA,NG,2
BE,DO,2
KR,PA,2
EE,MK,2
LA,SN,2
ET,PH,2
GT,PR,2
GP,IN,2
LC,ZA,2
KW,TW,2
PR,SE,2
IS,SA,2
ID,IE,2
NL,TT,2
BR,MN,2
LV,MX,2
SI,VN,2
NO,TD,2
CG,SG,2
BJ,JP,2
LV,TH,2
PA,PH,2
CA,MC,2
ID,SD,2
MY,UY,2
KE,RO,2
GM,PK,2
KR,KW,2
ES,SC,2
NE,TN,2
IQ,KE,2
KM,US,2
CA,KO,2
DO,EC,2
AU,DO,2
CG,TG,2
CM,LK,2
CU,GM,2
AL,SI,2
NP,SA,2
CA,PG,2
LK,SN,2
CI,IE,2
HK,SK,2
GR,KO,2
BI,KE,2
NL,YE,2
AZ,CO,2
GT,RU,2
EC,PL,2
PG,SB,2
DK,JM,2
ID,PR,2
CZ,PA,2
CN,GM,2
FI,JM,2
FJ,PG,2
MA,RS,2
FI,NI,2
PT,ST,2
BE,MD,2
CU,PH,2
ID,KW,2
AU,BA,2
LU,MT,2
IL,PR,2
PR,RU,2
GR,VN,2
KR,OM,2
ET,TD,2
EE,PH,2
HU,MG,2
BZ,CH,2
IT,ME,2
BA,CH,2
AU,PW,2
KE,MA,2
CI,MG,2
GH,RU,2
AM,SY,2
PL,TZ,2
GA,VN,2
BE,GT,2
HT,UG,2
PR,VN,2
EC,VN,2
KO,RU,2
CZ,MK,2
AF,BD,2
AU,GP,2
HR,UG,2
GN,TN,2
ET,MA,2
KO,LT,2
BE,PR,2
KO,PL,2
ML,TG,2
PH,SI,2
FI,KH,2
CU,SV,2
BE,LI,2
GW,TH,2
ER,SD,2
KW,NZ,2
TR,UZ,2
CO,ML,2
CR,TZ,2
EE,UY,2
PE,QA,2
IQ,NG,2
LU,PH,2
DK,NE,2
HR,ID,2
FR,LS,2
BI,RW,2
KO,US,2
BJ,CG,2
IE,KO,2
NG,PL,2
BH,TR,2
CU,LU,2
PR,SG,2
LA,ML,2
BO,NZ,2
IT,TT,2
BO,CR,2
GM,PG,2
GL,NZ,2
LY,SE,2
NA,SE,2
AZ,SE,2
AT,SY,2
CH,GW,2
BI,LK,2
ML,TN,2
MX,RW,2
AZ,MX,2
BA,PT,2
BN,CA,2
NO,UY,2
TD,VN,2
NP,TZ,2
GM,GN,2
SN,SZ,2
KH,LK,2
LK,TZ,2
LB,UA,2
DO,NG,2
GM,TW,2
CU,NZ,2
LK,NI,2
BN,FR,2
OM,TW,2
IT,VA,2
KE,TN,2
GQ,IT,2
GH,MG,2
CV,US,2
AO,NG,2
ET,SY,2
HK,NP,2
AO,KE,2
BG,MT,2
CI,NE,2
BR,IQ,2
CN,PY,2
DZ,NE,2
KR,NG,2
BE,JM,2
BD,GR,2
AT,CG,2
AF,NG,2
CG,PK,2
CI,NP,2
GR,ID,2
ME,US,2
JP,ME,2
IT,SV,2
IT,MM,2
AM,IS,2
PW,US,2
DJ,UK,2
BD,SY,2
MY,TT,2
AT,PA,2
CR,TH,2
PT,SD,2
NA,PT,2
DZ,RO,2
EC,TR,2
MY,VE,2
FI,LI,2
GE,SI,2
GH,TW,2
BI,SE,2
BT,NP,2
BZ,NO,2
MX,TT,2
HU,KO,2
BJ,PE,2
IE,KW,2
EC,TT,2
SY,TH,2
AZ,UG,2
KR,LA,2
AZ,TW,2
GW,ZA,2
CN,YE,2
BW,VN,2
LU,MZ,2
DZ,SN,2
HT,KR,2
CM,CZ,2
QA,SI,2
BJ,ZW,2
KR,ZM,2
CA,TG,2
AU,GL,2
BH,FR,2
PK,UY,2
AT,IQ,2
HU,PA,2
IQ,YE,2
PR,SV,2
BF,VU,2
MY,ZM,2
AD,FR,2
IT,TD,2
ER,UG,2
FI,ML,2
CN,MT,2
PA,PY,2
IR,MG,2
HT,SN,2
BJ,MX,2
RS,SG,2
MK,NO,2
CZ,EC,2
MY,WS,2
CF,DE,2
JM,PK,2
MU,NZ,2
BG,VN,2
NG,SK,2
DK,LY,2
KE,RU,2
MG,MW,2
BR,CV,2
CI,ZW,2
NG,OM,2
ES,RW,2
DE,KG,2
IR,VE,2
AR,KW,2
CO,SN,2
AU,GN,2
MC,PT,2
CF,ZA,2
DK,PG,2
CO,IS,2
BR,MM,2
BW,DK,2
DK,KO,2
GN,KE,2
BD,BT,2
FR,ME,2
KW,YE,2
IE,PH,2
FI,MN,2
GA,JP,2
CR,CZ,2
FI,GT,2
NE,PR,2
SG,UA,2
CM,ID,2
AO,ML,2
FI,JO,2
AU,PY,2
AO,VN,2
NP,QA,2
GM,RU,2
BD,KH,2
BD,IQ,2
BN,JP,2
FI,NA,2
CM,IL,2
PG,SG,2
GE,KE,2
LK,SD,2
CL,NG,2
AL,KO,2
CH,HN,2
CU,IE,2
CH,VU,2
AE,SY,2
ID,SI,2
IT,KO,2
CZ,GH,2
BH,NG,2
AF,NP,2
DO,JP,2
BF,LK,2
PE,SA,2
ET,TR,2
ET,FI,2
BJ,RW,2
BD,ZW,2
SN,ZW,2
AR,GM,2
BF,CN,2
BY,SG,2
MA,YE,2
BO,KE,2
NI,TH,2
LS,PE,2
FR,GL,2
CV,UK,2
SG,TN,2
BN,ID,2
FI,LK,2
GL,UY,2
MN,NZ,2
GQ,PT,2
BR,SR,2
FJ,PH,2
NA,TH,2
CU,IR,2
BD,HT,2
AL,SE,2
LK,MX,2
GW,IT,2
BI,ID,2
CH,FJ,2
IL,LK,2
IT,MU,2
HT,IN,2
NE,ZA,2
BO,CZ,2
KE,LR,2
HT,ZA,2
CF,MG,2
ES,YE,2
GA,TN,2
CO,MW,2
AZ,BG,2
KE,TT,2
BF,BW,2
LB,RS,2
BN,TW,2
AR,LU,2
TD,ZA,2
CU,SA,2
GY,VE,2
BG,TZ,2
GA,RU,2
KO,TR,2
NE,TW,2
LK,PR,2
ES,HT,2
QA,RU,2
LA,NP,2
AE,NG,2
JP,SB,2
MY,ZW,2
IQ,RO,2
DE,GQ,2
KR,UY,2
BI,ZA,2
DE,KO,2
CL,PY,2
MG,TW,2
NZ,TT,2
BI,CM,2
CR,SA,2
MK,TR,2
BO,GY,2
CR,SI,2
DK,RW,2
OM,RO,2
BO,HN,2
LY,PT,2
EG,LV,2
BW,DE,2
BI,IT,2
AZ,KR,2
AE,IQ,2
MG,MZ,1
CN,TO,1
MU,SA,1
MY,TO,1
PH,SN,1
MG,NZ,1
DK,GN,1
ET,MN,1
KE,PA,1
EC,FJ,1
EG,WS,1
PE,SY,1
PG,PT,1
TZ,VU,1
BY,UZ,1
BD,LA,1
BB,FI,1
CM,LY,1
CG,NZ,1
NP,SL,1
AD,NO,1
DO,SG,1
CM,DO,1
AF,CR,1
HK,LY,1
BE,TT,1
BF,CZ,1
ME,NL,1
AZ,UZ,1
OM,PL,1
BW,MU,1
GR,UZ,1
EE,KW,1
MX,UZ,1
DZ,PL,1
GE,UZ,1
KW,SI,1
MM,MW,1
GM,LV,1
AL,RU,1
ET,MM,1
LI,PL,1
CZ,MW,1
CM,IE,1
SG,UZ,1
KW,NG,1
CM,MU,1
ES,ST,1
CM,TG,1
AE,GY,1
PK,SY,1
ES,SV,1
CI,MZ,1
LA,MY,1
MM,ZM,1
LI,LU,1
GH,NZ,1
BR,KW,1
DE,FJ,1
AR,SD,1
DK,SZ,1
CA,YE,1
GN,IN,1
NO,SC,1
LI,MT,1
NE,SK,1
KH,PR,1
BG,CU,1
ID,WS,1
DO,UY,1
MY,SB,1
AT,JM,1
MY,SO,1
IS,WS,1
ML,PR,1
CZ,TN,1
BR,LY,1
CG,CV,1
MK,PA,1
AE,UG,1
MV,MY,1
AT,RW,1
HR,JM,1
GH,VU,1
LB,VN,1
AD,UG,1
CA,ME,1
CN,GQ,1
CH,DO,1
BG,PY,1
PH,TG,1
LU,PE,1
MK,MT,1
AL,SY,1
EC,UG,1
EG,UY,1
AF,CL,1
BH,PE,1
JM,MK,1
BF,KR,1
DE,KM,1
DK,OM,1
AL,JP,1
FI,SY,1
CH,MV,1
GY,PE,1
IL,ZM,1
LC,PA,1
KR,ME,1
OM,TN,1
LI,SA,1
IT,PW,1
BO,SR,1
AT,NP,1
HK,UA,1
KZ,SN,1
DK,LI,1
AR,JO,1
LK,WS,1
MN,PK,1
IS,TH,1
GR,SY,1
LI,SK,1
BT,OM,1
MZ,TR,1
LV,MA,1
FJ,VE,1
BF,GW,1
CV,ES,1
HT,PT,1
SZ,TW,1
AF,HR,1
BA,LB,1
EE,LI,1
BW,DZ,1
EC,LU,1
AN,SG,1
PR,ZA,1
GM,UY,1
IL,VE,1
GE,ZM,1
GW,JP,1
GT,VN,1
CI,SI,1
UG,UY,1
IN,ME,1
FR,SR,1
CL,TZ,1
CI,CZ,1
CU,MT,1
LI,NO,1
BT,UG,1
BJ,SL,1
AO,GH,1
BW,PT,1
LI,PT,1
AO,SE,1
CF,CI,1
BS,NO,1
BN,FI,1
CA,PY,1
EG,GN,1
RS,VE,1
HT,JM,1
BH,PL,1
ID,OM,1
JP,PY,1
EE,GH,1
IE,ZW,1
PE,SI,1
PH,TR,1
DZ,SI,1
AR,KH,1
TH,TN,1
KW,LU,1
EE,ET,1
AL,KR,1
LT,SY,1
EG,VU,1
GT,MN,1
CU,RS,1
GM,SZ,1
KH,MX,1
GM,TR,1
GN,IT,1
AF,AU,1
BD,CL,1
CI,TJ,1
IN,MK,1
PH,WS,1
KW,SN,1
AL,BG,1
BF,UA,1
CR,KR,1
NI,NO,1
BW,GM,1
BN,UA,1
IS,KE,1
KE,TD,1
BZ,PR,1
CO,JM,1
CZ,MZ,1
FR,SZ,1
AE,VE,1
BN,GE,1
GH,HT,1
DZ,IL,1
NA,SL,1
CM,GN,1
KE,MT,1
CH,CV,1
AT,MW,1
SL,TZ,1
DJ,KE,1
JM,PT,1
GT,MW,1
HK,KZ,1
BB,CF,1
NA,NZ,1
LB,PA,1
MG,MN,1
CA,CV,1
CG,CU,1
GA,MA,1
IR,SO,1
JP,MT,1
HN,IN,1
BO,FI,1
LU,UG,1
ET,TJ,1
GR,SC,1
FJ,IL,1
CG,IE,1
CG,HT,1
IR,YE,1
FJ,UG,1
CG,TN,1
GA,ZW,1
BA,SA,1
RW,SD,1
GM,HK,1
JO,PL,1
RU,ZW,1
ET,LY,1
CZ,ME,1
AR,MT,1
AD,UK,1
AE,BT,1
HU,RW,1
ES,GY,1
LA,RU,1
CF,MA,1
AR,CY,1
BA,KR,1
BJ,HK,1
LR,NG,1
UZ,ZA,1
EE,GL,1
IN,JM,1
BI,BR,1
BZ,EC,1
GN,ZA,1
GE,KZ,1
LU,SD,1
IR,PG,1
JO,SY,1
MZ,TD,1
UK,VA,1
BZ,TH,1
BI,MG,1
CF,KE,1
ES,ME,1
NO,TT,1
CL,CM,1
EE,SA,1
CU,KE,1
HR,TT,1
DK,YE,1
LV,MD,1
JM,PH,1
LA,MX,1
AU,TV,1
BO,RO,1
CM,PA,1
AZ,PK,1
IQ,PL,1
GA,GR,1
AF,GH,1
MR,ZA,1
GR,GT,1
CN,RW,1
DO,TZ,1
MM,RW,1
BJ,EG,1
GT,IE,1
CV,FR,1
CR,MK,1
CA,CF,1
LB,PE,1
BF,LR,1
AR,LY,1
EE,PE,1
FM,MW,1
CA,LI,1
HU,ID,1
BE,GD,1
LT,MN,1
CG,ML,1
CF,NG,1
PY,UA,1
GW,KM,1
FJ,NG,1
AZ,CN,1
CO,SK,1
BW,HK,1
BF,CY,1
LR,TZ,1
IS,LI,1
FM,NZ,1
BA,IE,1
MN,PA,1
SA,SK,1
FI,ZW,1
CA,VA,1
BD,BW,1
BT,NG,1
BE,BN,1
BN,SE,1
CA,DJ,1
CG,LU,1
SI,TH,1
GT,GY,1
CR,JM,1
CR,PL,1
EC,ET,1
BA,JM,1
CY,HK,1
IE,SZ,1
PG,ZW,1
LU,ZM,1
CG,HK,1
BO,ZA,1
AZ,CZ,1
CZ,MG,1
AO,CG,1
BR,TV,1
AE,HK,1
HR,NA,1
AN,CA,1
BE,LY,1
BG,HK,1
IL,MW,1
KO,MA,1
MZ,YE,1
CG,SD,1
AE,NE,1
HU,ZW,1
CO,TZ,1
CH,TT,1
MG,SA,1
BO,ZW,1
CF,VN,1
PR,RW,1
IL,PA,1
FI,MU,1
CI,GW,1
NP,TR,1
LS,SN,1
SL,UG,1
SI,UG,1
CL,KW,1
MU,TN,1
CI,GR,1
CO,ZW,1
AE,ZW,1
BN,CZ,1
AU,BI,1
AR,GW,1
AT,GL,1
GR,LR,1
GQ,NG,1
HR,MA,1
HR,LB,1
CF,JP,1
VN,ZM,1
BS,NG,1
GH,KW,1
BR,MU,1
EC,RO,1
SC,ZA,1
AN,AT,1
CL,TT,1
CI,IL,1
BI,CN,1
BF,MM,1
JM,SI,1
IN,SV,1
BF,PE,1
CN,LR,1
BT,DE,1
LB,SD,1
BH,RU,1
PH,RW,1
MG,ZM,1
GD,PA,1
BO,ID,1
GQ,MW,1
RU,YE,1
MW,SZ,1
CN,GA,1
BD,NI,1
TT,UG,1
PE,RS,1
IT,SL,1
HR,PA,1
CZ,LI,1
EC,NG,1
BF,PY,1
AF,TZ,1
KO,UK,1
ET,LS,1
FI,SN,1
IE,PY,1
GE,PY,1
BB,BR,1
HR,KZ,1
GW,VN,1
AL,AT,1
CY,LB,1
BA,HU,1
UZ,YE,1
FI,GY,1
JO,LY,1
AE,EC,1
CF,KH,1
AU,KG,1
BO,EG,1
RW,TW,1
NE,PE,1
AD,CA,1
KE,RS,1
JP,ZW,1
BO,RU,1
PE,RW,1
AL,TH,1
BH,GR,1
PR,PT,1
HN,TZ,1
KZ,MX,1
CR,HR,1
BR,BZ,1
HT,PA,1
GA,IN,1
BB,CN,1
MK,UA,1
GR,SB,1
DO,PY,1
MY,TG,1
BG,SA,1
AZ,HR,1
GT,RO,1
GE,SZ,1
ET,MR,1
BD,LB,1
HU,KH,1
CZ,UG,1
GA,SG,1
MY,SN,1
DE,SC,1
HU,LI,1
EC,IE,1
BH,TH,1
GL,IS,1
CG,PT,1
DZ,MG,1
BG,BN,1
GR,PA,1
CN,SC,1
AF,SO,1
BE,DM,1
BF,NZ,1
SI,UY,1
MN,SG,1
GH,GR,1
CM,SG,1
BD,MG,1
GA,ZM,1
BH,CN,1
LK,QA,1
GR,NP,1
CM,SK,1
GT,ID,1
BZ,DO,1
AD,PL,1
ER,ES,1
LU,MR,1
CH,GY,1
CZ,PH,1
CG,TW,1
GH,IQ,1
SE,SY,1
LB,TG,1
BF,DO,1
KW,SO,1
KG,PT,1
BZ,ES,1
BJ,TO,1
KG,NG,1
DZ,NO,1
BT,KE,1
GR,ME,1
LR,NO,1
ME,NZ,1
NE,PH,1
IE,NI,1
GA,MX,1
BN,IT,1
PH,SV,1
BE,SC,1
BI,ES,1
GM,SB,1
LU,MK,1
SR,VE,1
BW,SI,1
CN,SV,1
MN,SI,1
PY,TR,1
AU,CV,1
GM,MX,1
PH,QA,1
HU,UG,1
AE,FJ,1
RU,SN,1
HK,MN,1
HT,PY,1
BF,TN,1
ML,RU,1
DO,LK,1
MM,NG,1
BO,NP,1
CI,MX,1
IL,MC,1
AE,PE,1
LV,PH,1
BY,KZ,1
CL,TO,1
MG,MU,1
GT,HT,1
ML,MN,1
KO,NO,1
IS,NP,1
CU,MK,1
AO,GA,1
AU,SC,1
HU,ZM,1
CU,HT,1
AF,CI,1
DK,UZ,1
BI,HU,1
MG,RU,1
ET,LT,1
AO,NZ,1
DZ,NG,1
OM,TR,1
MG,SC,1
FR,TO,1
DK,VU,1
FI,PY,1
SD,TD,1
LS,VN,1
IQ,UZ,1
CL,DZ,1
CZ,KW,1
FI,VE,1
JM,SG,1
BT,MM,1
GH,PL,1
GE,NP,1
PT,TT,1
IE,LI,1
LK,MG,1
CA,LC,1
IN,MG,1
MY,MZ,1
FM,JP,1
LT,MA,1
AF,RU,1
JP,NA,1
MG,PY,1
NO,TN,1
BJ,CR,1
BZ,NL,1
LA,MM,1
BW,SA,1
CM,PL,1
CO,LV,1
MM,TZ,1
CG,NO,1
KW,MX,1
DE,DM,1
BE,BZ,1
CG,LR,1
LA,RW,1
IQ,JP,1
GE,GH,1
JP,YE,1
KH,NO,1
MN,NO,1
PH,PY,1
HK,LK,1
BW,PE,1
BW,LK,1
AU,NI,1
BG,TJ,1
AO,DE,1
DK,NA,1
SE,SZ,1
BT,CN,1
FM,UK,1
AL,YE,1
BZ,NI,1
DZ,NZ,1
BG,CM,1
AM,UZ,1
CO,GM,1
JM,LB,1
GM,GT,1
CI,FI,1
MX,VA,1
BO,PH,1
ES,LY,1
EG,PR,1
LA,UG,1
DK,ST,1
PK,YE,1
CM,HK,1
BA,KW,1
GH,LA,1
NA,PH,1
LU,NP,1
ME,TR,1
AU,TJ,1
IQ,NO,1
AT,PG,1
CZ,PG,1
BR,TT,1
HN,TW,1
QA,TT,1
AE,SK,1
CZ,ML,1
IQ,TW,1
PE,SN,1
GY,NL,1
BZ,HT,1
GA,GQ,1
GD,TT,1
BG,MA,1
DO,RW,1
CZ,VN,1
BI,ZW,1
DO,TH,1
AO,CI,1
CZ,SD,1
FJ,KE,1
HR,NG,1
GE,HK,1
CI,GP,1
SY,TW,1
GE,NG,1
GA,MY,1
BY,SK,1
GY,IT,1
LS,MZ,1
PH,ZM,1
DO,GE,1
CG,KH,1
CU,ZW,1
BA,RO,1
AO,SD,1
ES,LR,1
HU,LK,1
ID,SV,1
ID,MN,1
GR,HN,1
GR,RW,1
BT,VN,1
CN,FJ,1
BG,LI,1
MA,SR,1
LB,SK,1
DJ,TN,1
GL,IE,1
IR,PR,1
CG,SA,1
ML,TR,1
GN,MX,1
GA,LY,1
GW,MW,1
SB,UK,1
BI,NP,1
GE,LU,1
KO,MK,1
AZ,HU,1
EE,KE,1
CA,KN,1
GN,MA,1
BE,SZ,1
AR,BZ,1
BN,NZ,1
EG,TT,1
BW,ES,1
LU,TN,1
AR,BF,1
DZ,HK,1
BB,SY,1
KR,TN,1
AD,BE,1
GA,KH,1
IE,LK,1
KE,TR,1
GH,LY,1
DM,HU,1
ML,PE,1
SK,SN,1
UG,YE,1
BW,SG,1
KE,MM,1
NP,TN,1
FI,PR,1
IS,TN,1
HT,TH,1
MY,TN,1
GY,SE,1
ES,GP,1
FJ,SB,1
BD,ZM,1
PL,SY,1
IR,ZM,1
AN,DE,1
BE,LR,1
ET,VE,1
KE,KO,1
EG,LR,1
CZ,JM,1
MW,NE,1
BJ,BO,1
BD,KG,1
CL,MY,1
KE,LY,1
SD,ZW,1
BH,IL,1
GA,PL,1
BF,ER,1
MM,ZW,1
ES,ZW,1
DE,TJ,1
AE,CO,1
PK,VE,1
ML,PK,1
BG,SG,1
CY,LI,1
NA,UG,1
BT,NZ,1
LB,MK,1
CO,HT,1
BZ,PT,1
BD,FJ,1
TT,ZW,1
BO,MY,1
AT,MU,1
LR,SL,1
BA,IR,1
MN,RO,1
AL,CA,1
LI,LV,1
KE,LV,1
MZ,SA,1
MN,UA,1
BN,NG,1
AF,GR,1
SK,VE,1
MR,NG,1
CL,ME,1
MX,NE,1
BY,CL,1
HK,SD,1
CO,IQ,1
IL,MK,1
PT,YE,1
SK,TJ,1
BZ,HN,1
AU,ER,1
CI,HR,1
PG,TR,1
AF,UG,1
CR,MZ,1
BW,IN,1
AU,SV,1
CM,IR,1
SA,UZ,1
HR,VN,1
IE,MG,1
HT,MN,1
CM,LU,1
IL,SD,1
TM,TR,1
ES,LA,1
OM,SK,1
AT,LY,1
MD,NO,1
KW,MK,1
LU,TZ,1
KZ,SA,1
BA,FI,1
AD,NZ,1
GH,PH,1
BH,JP,1
ME,RO,1
GM,IR,1
CL,MN,1
FI,NP,1
GD,KE,1
CN,MR,1
IQ,MX,1
KZ,LA,1
IL,MD,1
IS,PH,1
BA,PA,1
BO,GR,1
DZ,QA,1
KH,RW,1
BG,IQ,1
BT,ZA,1
BZ,UG,1
JO,SD,1
CH,SV,1
KM,NZ,1
HT,KH,1
JM,SA,1
DZ,GN,1
BF,IE,1
HT,NI,1
LC,TT,1
KH,SK,1
MM,NZ,1
AR,SY,1
BO,TW,1
GW,UG,1
TN,UY,1
BY,LU,1
DO,TG,1
NI,ZA,1
KH,NI,1
CZ,LK,1
MR,NE,1
IN,MV,1
NI,UA,1
BF,PR,1
EG,NE,1
ID,RS,1
CI,TD,1
CN,HT,1
MA,OM,1
MU,SE,1
MU,UG,1
DE,SB,1
EG,ZM,1
CI,PE,1
SY,ZA,1
PE,ZW,1
AO,GQ,1
GE,UG,1
HU,ME,1
BN,TR,1
MU,MY,1
BF,HR,1
CL,SV,1
BG,QA,1
AZ,EG,1
CN,LY,1
CN,UM,1
IQ,ZW,1
BN,MX,1
NG,UY,1
AN,BR,1
CN,ER,1
JO,VN,1
BR,MC,1
BG,PH,1
MZ,PK,1
NG,PY,1
TZ,UY,1
LK,PA,1
MN,PY,1
GT,PY,1
BJ,BW,1
SE,SO,1
CR,PY,1
IN,LS,1
PE,UZ,1
HN,LK,1
BD,BJ,1
EE,ME,1
CL,ID,1
GT,TZ,1
BA,CR,1
AF,CH,1
JM,SC,1
EG,UZ,1
AR,NA,1
AT,CV,1
AF,VN,1
HN,ZA,1
CI,PK,1
AL,CN,1
MX,SY,1
PL,PY,1
SD,UZ,1
LB,MC,1
LU,ZW,1
BD,CO,1
DK,TG,1
CR,MW,1
MX,TN,1
FI,ZM,1
DO,SV,1
EG,HN,1
IL,IQ,1
AD,SE,1
BA,ZA,1
BD,JO,1
DK,DO,1
TG,TO,1
DK,FJ,1
NE,PT,1
BE,KG,1
EG,ML,1
GR,HT,1
BR,DM,1
BD,HU,1
IR,MR,1
ME,SK,1
JO,YE,1
TR,TZ,1
EE,MA,1
MK,PH,1
KE,MU,1
EC,EG,1
AO,ZW,1
GM,NO,1
SN,VE,1
NG,SG,1
CZ,UY,1
CY,DZ,1
GW,ID,1
BH,PK,1
EG,NP,1
BZ,IT,1
FJ,LU,1
NA,ZW,1
CH,KN,1
CL,LU,1
BJ,NA,1
ID,ML,1
CR,HK,1
FJ,IT,1
AZ,KZ,1
BY,TN,1
BZ,RW,1
EC,RU,1
CG,ID,1
DK,KN,1
MX,QA,1
MZ,VE,1
BZ,GT,1
RS,SZ,1
GH,GN,1
DO,WS,1
GR,MZ,1
KH,PT,1
EE,GM,1
ER,IR,1
BW,IL,1
KN,ZA,1
HR,KE,1
SE,YE,1
CO,JO,1
MG,PE,1
PT,ZW,1
HT,ML,1
ER,ZA,1
DJ,IT,1
GD,UK,1
BO,EE,1
CM,VE,1
JP,KO,1
AF,SI,1
LU,ML,1
BH,TW,1
BB,FR,1
BR,GN,1
BD,BO,1
KR,SY,1
NI,SA,1
NZ,OM,1
LS,PG,1
AE,SN,1
NP,SK,1
PR,SI,1
AU,YE,1
BW,SE,1
HU,PH,1
NG,RU,1
ML,PY,1
CR,VN,1
FI,GA,1
CG,NP,1
HT,NP,1
BR,MK,1
PG,PH,1
NL,VU,1
BI,DK,1
BO,PT,1
GR,SD,1
AU,MR,1
GP,IE,1
AE,NP,1
OM,VN,1
OM,RU,1
HU,MD,1
SO,US,1
RO,VE,1
CL,MG,1
LS,MG,1
HU,UZ,1
GE,VN,1
BD,CM,1
BW,TH,1
NE,NL,1
IQ,TH,1
PY,VN,1
PE,TT,1
KW,VN,1
BF,BO,1
NP,PT,1
SA,TJ,1
KW,SG,1
BF,CL,1
HN,TH,1
CI,LB,1
BA,JP,1
SE,TT,1
LY,QA,1
LS,PT,1
BG,BH,1
IS,UA,1
KZ,PT,1
DZ,SY,1
MR,US,1
GE,MZ,1
ES,SZ,1
NE,VN,1
CI,ZM,1
MZ,NE,1
IS,RS,1
AZ,PT,1
KG,SA,1
GY,MA,1
BD,YE,1
LA,MG,1
MZ,SG,1
KO,ME,1
DO,UG,1
CN,TG,1
HR,SN,1
MZ,TG,1
BH,ML,1
JM,TH,1
RO,TN,1
FJ,VN,1
DO,GH,1
CM,LB,1
BB,TZ,1
UA,UG,1
PL,SN,1
BI,PT,1
BI,ZM,1
JO,MX,1
PT,TD,1
PA,SA,1
PK,ZW,1
GN,IE,1
IS,LV,1
BW,CI,1
KG,PK,1
ET,GR,1
BO,MA,1
GR,PR,1
DO,PH,1
ST,US,1
AF,TJ,1
FI,OM,1
HN,UG,1
BW,NZ,1
AL,DK,1
ID,NI,1
GT,HU,1
MG,RW,1
AL,LB,1
CN,JM,1
BT,SE,1
BB,DE,1
PT,RW,1
AL,IE,1
PG,PK,1
LY,TZ,1
AL,TZ,1
JP,MZ,1
AO,IL,1
MA,TH,1
LA,VU,1
AE,TT,1
EC,MA,1
AL,KZ,1
LV,PE,1
HU,JM,1
MM,NO,1
CR,PT,1
HT,JP,1
BF,MR,1
AO,BW,1
SG,SV,1
CH,TM,1
IE,NP,1
CL,JM,1
GT,ZW,1
CL,VA,1
CN,HN,1
DZ,LY,1
IS,LB,1
BF,WS,1
BD,BG,1
SK,VN,1
ET,HT,1
LU,NG,1
BT,ZW,1
LV,VN,1
BR,YE,1
CI,DK,1
GA,SD,1
LV,MT,1
ET,JO,1
BW,FI,1
KZ,LV,1
HU,SD,1
MZ,NZ,1
CU,GT,1
GD,ZA,1
NI,UY,1
NO,PA,1
CF,NZ,1
MD,UA,1
FJ,LK,1
KH,PY,1
IN,LR,1
NG,SZ,1
BI,UG,1
JP,SL,1
IL,ZW,1
CI,RW,1
GD,KR,1
NE,ZM,1
FJ,PK,1
GT,PT,1
NG,PR,1
LV,ZA,1
DK,WS,1
ER,SE,1
MZ,PE,1
GH,OM,1
DZ,VN,1
MU,NG,1
CL,ET,1
BR,MR,1
DM,TW,1
CI,SL,1
MG,ZW,1
CN,LI,1
KZ,MY,1
BR,FJ,1
KM,ZA,1
AF,HT,1
CY,MA,1
BN,IL,1
HK,ZW,1
AT,BO,1
CZ,PR,1
MW,UY,1
CN,KG,1
KW,RO,1
EE,VE,1
GD,NL,1
CF,GT,1
ML,SG,1
ML,PL,1
FJ,PA,1
BD,PG,1
JP,MR,1
CF,IL,1
CG,GT,1
SG,ZW,1
IL,RW,1
FI,KG,1
OM,ZW,1
IL,PH,1
LA,PK,1
BD,LR,1
FI,NE,1
BD,GW,1
BN,CO,1
AR,BA,1
CN,KM,1
MR,PH,1
KW,RU,1
MK,NZ,1
LA,PE,1
MA,VE,1
BZ,CO,1
SZ,TZ,1
BB,CR,1
YE,ZA,1
ID,NE,1
GM,ZW,1
DZ,IE,1
BD,DZ,1
BG,ZW,1
ML,NP,1
KH,MW,1
AE,CU,1
MM,PG,1
IN,MD,1
NA,TW,1
NO,UZ,1
BB,LB,1
MA,MG,1
BO,CM,1
AE,ME,1
CG,RU,1
EG,LK,1
BD,SD,1
LK,TG,1
CM,JO,1
LV,NZ,1
IQ,RU,1
BD,MU,1
MV,NP,1
IQ,RS,1
AF,SD,1
MZ,RU,1
UK,WS,1
LY,RS,1
AT,NE,1
ES,GN,1
MY,PY,1
BE,JO,1
IN,KO,1
GD,HU,1
AD,US,1
MA,ML,1
KE,LT,1
ES,FJ,1
IN,NI,1
SD,SO,1
RU,UY,1
DZ,KR,1
CH,SO,1
GR,LI,1
AU,BB,1
NZ,RW,1
BF,MY,1
GN,PK,1
AO,NE,1
AO,AT,1
DO,EG,1
DO,PT,1
RO,VN,1
CM,SA,1
GH,SC,1
CG,MY,1
BD,UY,1
AR,MW,1
HT,ID,1
AU,BZ,1
DO,VU,1
DZ,HU,1
MA,UY,1
JM,PL,1
TW,VE,1
CL,MW,1
BN,ES,1
OM,PH,1
AF,CN,1
ID,SB,1
AR,BT,1
DK,TM,1
PH,SK,1
LU,SL,1
DM,TT,1
BJ,SD,1
BF,IL,1
CZ,RW,1
MW,PH,1
CL,SY,1
FI,GM,1
LB,SI,1
RW,VN,1
IE,MC,1
VN,VU,1
BI,LU,1
LK,VU,1
SK,SY,1
FI,MD,1
IR,UG,1
AT,LC,1
KW,TR,1
JM,KR,1
TW,UZ,1
BO,SA,1
KR,MT,1
KE,YE,1
AL,CY,1
GH,SB,1
CR,TT,1
BZ,JP,1
TO,WS,1
DK,TJ,1
HT,MG,1
CF,PK,1
IR,ME,1
MA,PY,1
ER,IN,1
OM,PE,1
AF,PT,1
AR,BW,1
BO,GE,1
BJ,KR,1
BB,CH,1
BR,ST,1
JM,NZ,1
BH,FI,1
AF,MM,1
EC,ID,1
CN,NI,1
JM,VN,1
GH,SK,1
CZ,OM,1
ID,PY,1
AO,AR,1
LT,SA,1
HR,MZ,1
OM,SI,1
MG,OM,1
BA,ME,1
PT,SY,1
JO,KE,1
BN,HK,1
FM,TO,1
MM,PL,1
DZ,KW,1
AO,DK,1
LT,SG,1
CL,SD,1
JO,PH,1
TO,UK,1
BO,PK,1
PH,SD,1
TG,VU,1
AU,LI,1
IT,TJ,1
BB,PR,1
DJ,SN,1
PE,YE,1
AR,GN,1
LV,VE,1
NO,YE,1
CH,VA,1
CN,TJ,1
CU,KW,1
SO,YE,1
MZ,NI,1
JO,TN,1
ML,MR,1
MC,QA,1
TR,ZM,1
MY,SV,1
GY,HU,1
AF,MX,1
AT,BN,1
PA,ZM,1
BJ,LY,1
SA,SV,1
FJ,ZA,1
PY,SG,1
TZ,WS,1
IR,UZ,1
CI,PG,1
PA,SI,1
BY,DO,1
MW,PL,1
GY,PA,1
RS,UY,1
EG,KO,1
GR,JM,1
PR,RO,1
BH,BR,1
AT,BW,1
AE,BJ,1
CZ,NA,1
NP,RW,1
AE,MG,1
BI,BJ,1
AM,LB,1
IE,LS,1
BF,SK,1
KE,TJ,1
DK,MC,1
GE,MD,1
GE,IS,1
PR,TR,1
BY,IS,1
GT,IR,1
KW,NP,1
BF,BG,1
NE,SI,1
AO,UY,1
BO,DO,1
BR,LI,1
LI,SE,1
CG,PH,1
PH,TN,1
GL,ZA,1
ET,PG,1
AF,BR,1
CI,IR,1
IL,KZ,1
BD,EE,1
PY,SA,1
CN,MZ,1
GH,RS,1
AR,CG,1
AT,YE,1
BG,SY,1
MM,MN,1
MD,ZA,1
BZ,PA,1
CF,TD,1
CO,SR,1
RS,TN,1
AT,BT,1
GM,JM,1
MX,NA,1
NG,SI,1
CH,GL,1
AR,BB,1
EG,LU,1
ME,PL,1
BZ,PE,1
MK,MY,1
EC,GE,1
BO,JM,1
LY,ML,1
CZ,MN,1
CG,MX,1
GW,PG,1
KZ,NZ,1
KH,VU,1
ET,QA,1
HT,SL,1
KE,TO,1
BE,YE,1
CO,SI,1
GH,TR,1
BD,CZ,1
BT,GH,1
SY,TN,1
MW,TT,1
IT,MR,1
GA,PG,1
BZ,MW,1
CI,LR,1
IL,PY,1
MR,TZ,1
BF,VE,1
CL,LV,1
HR,UY,1
MK,SA,1
TR,YE,1
GE,JM,1
SY,VN,1
MV,SA,1
SE,TD,1
CM,NZ,1
BB,ES,1
SO,UK,1
CL,MC,1
AM,KH,1
MZ,PG,1
AU,GD,1
LC,US,1
ER,ZM,1
CR,SG,1
BN,NP,1
DM,PT,1
BT,IQ,1
CN,ME,1
TO,ZA,1
MY,SY,1
HK,LV,1
CI,NO,1
TG,WS,1
AD,EE,1
AO,BJ,1
AT,MC,1
LY,SN,1
CI,SK,1
BD,BN,1
MN,VN,1
LA,MW,1
AL,RS,1
MK,ZA,1
BN,RO,1
AO,GW,1
SE,TJ,1
TN,TZ,1
BN,PY,1
NL,SL,1
LR,TH,1
EG,SR,1
GW,SN,1
AE,MT,1
GN,RU,1
DE,SV,1
ES,MG,1
BO,SG,1
GA,RW,1
DO,HT,1
DZ,SK,1
NA,SI,1
SD,SN,1
IE,PG,1
FJ,MY,1
CL,PG,1
PR,UG,1
TO,VU,1
EG,MK,1
NO,TG,1
SE,TO,1
MC,NL,1
BI,GH,1
ER,ML,1
LY,UG,1
AZ,IL,1
EG,PY,1
CZ,SN,1
PA,UG,1
BY,VE,1
BN,EG,1
BF,MA,1
BA,SG,1
IE,UY,1
KE,SO,1
GH,HU,1
LR,SA,1
AO,SN,1
EC,HT,1
IR,LV,1
BN,RU,1
JO,PT,1
KR,MW,1
BA,UA,1
GD,IR,1
GW,TZ,1
RU,TD,1
AD,CL,1
ST,UK,1
MT,TT,1
KR,ZW,1
AU,AZ,1
AF,YE,1
PR,UY,1
AF,PE,1
PG,SN,1
LY,TW,1
IE,RW,1
CR,LV,1
BF,HU,1
LA,SL,1
BI,CI,1
HK,JO,1
AU,LR,1
JM,UG,1
NO,SL,1
NP,PG,1
ET,MG,1
ID,VU,1
ES,MR,1
CF,GM,1
GW,IN,1
IE,SN,1
NA,NG,1
CY,SG,1
BZ,CL,1
LS,SZ,1
QA,UA,1
DZ,JP,1
LI,LT,1
GT,MZ,1
MA,MZ,1
CM,CO,1
HK,LB,1
BI,MZ,1
AF,EE,1
LK,LU,1
AN,SA,1
CR,GM,1
PR,TT,1
ET,PL,1
CO,PG,1
NP,ZM,1
MA,NZ,1
GN,NO,1
IQ,NP,1
BA,BG,1
ME,MK,1
CF,MW,1
MZ,PH,1
